trial,color1_target,color1_H,color1_L,color1_H_deltaE,color1_L_deltaE,color2_target,color2_H,color2_L,color2_H_deltaE,color2_L_deltaE,audio1_target,audio1_H,audio1_L,audio1_H_count,audio1_L_count,audio1_target_talker,audio1_H_talker,audio1_L_talker,audio1_target_file,audio1_H_file,audio1_L_file,audio2_target,audio2_H,audio2_L,audio2_H_count,audio2_L_count,audio2_target_talker,audio2_H_talker,audio2_L_talker,audio2_target_file,audio2_H_file,audio2_L_file
1,#D36A3F,#4E2200,#F37649,43.34,10.81,#009291,#006F4C,#007764,42.54,16.17,m,z,n,1,54,T03,T11,T08,stimuli/T03_ama.wav,stimuli/T11_aza.wav,stimuli/T08_ana.wav,k,n,p,3,190,T04,T08,T06,stimuli/T04_aka.wav,stimuli/T08_ana.wav,stimuli/T06_apa.wav
2,#0081CB,#00A5FF,#0072C7,42.51,14.76,#995CBD,#400054,#85258E,49.48,19.31,theta,d,s,4,45,T08,T09,T01,stimuli/T08_athetaa.wav,stimuli/T09_ada.wav,stimuli/T01_asa.wav,z,s,zh,1,242,T12,T08,T07,stimuli/T12_aza.wav,stimuli/T08_asa.wav,stimuli/T07_azha.wav
3,#007E43,#99B2A0,#009B66,48.26,13.56,#57964B,#6AFCBC,#009962,40.67,19.53,s,zh,sh,2,57,T03,T12,T02,stimuli/T03_asa.wav,stimuli/T12_azha.wav,stimuli/T02_asha.wav,m,theta,s,1,4,T09,T10,T01,stimuli/T09_ama.wav,stimuli/T10_athetaa.wav,stimuli/T01_asa.wav
4,#C8755A,#FFA8B6,#AB5B5A,43.83,16.93,#008BB5,#374F58,#00728E,38.96,17.21,t,g,theta,1,9,T11,T02,T10,stimuli/T11_ata.wav,stimuli/T02_aga.wav,stimuli/T10_athetaa.wav,m,z,b,1,5,T02,T03,T12,stimuli/T02_ama.wav,stimuli/T03_aza.wav,stimuli/T12_aba.wav
5,#CE709E,#D600A3,#B97FAB,45.14,14.54,#A078C3,#5E005E,#A691E2,44.62,10.7,eth,theta,zh,1,44,T08,T03,T01,stimuli/T08_aetha.wav,stimuli/T03_athetaa.wav,stimuli/T01_azha.wav,v,n,d,4,81,T08,T06,T12,stimuli/T08_ava.wav,stimuli/T06_ana.wav,stimuli/T12_ada.wav
6,#38843C,#0E3F0E,#678E50,29.5,14.91,#007B9C,#0086CD,#005A84,29.25,19.03,s,eth,theta,1,84,T01,T04,T03,stimuli/T01_asa.wav,stimuli/T04_aetha.wav,stimuli/T03_athetaa.wav,m,theta,s,1,4,T04,T02,T03,stimuli/T04_ama.wav,stimuli/T02_athetaa.wav,stimuli/T03_asa.wav
7,#E05860,#974762,#E17056,32.4,16.95,#B45A21,#E75800,#AA3B01,35.15,13.91,t,g,p,1,109,T08,T05,T10,stimuli/T08_ata.wav,stimuli/T05_aga.wav,stimuli/T10_apa.wav,sh,m,theta,1,9,T12,T02,T08,stimuli/T12_asha.wav,stimuli/T02_ama.wav,stimuli/T08_athetaa.wav
8,#C0407C,#6C379E,#980049,44.84,17.92,#576719,#8F8808,#344800,25.35,13.52,b,zh,z,3,19,T03,T05,T12,stimuli/T03_aba.wav,stimuli/T05_azha.wav,stimuli/T12_aza.wav,t,eth,k,1,97,T04,T11,T06,stimuli/T04_ata.wav,stimuli/T11_aetha.wav,stimuli/T06_aka.wav
9,#007F5A,#007F7F,#00996F,39.31,10.07,#767CD7,#002DA0,#825EB8,47.38,15.74,s,zh,f,2,29,T10,T11,T12,stimuli/T10_asa.wav,stimuli/T11_azha.wav,stimuli/T12_afa.wav,f,n,theta,1,151,T03,T04,T09,stimuli/T03_afa.wav,stimuli/T04_ana.wav,stimuli/T09_athetaa.wav
10,#C0555E,#DB9383,#B25B53,25.56,10.05,#954900,#FF7A6A,#5F3100,43.43,19.75,f,sh,p,1,27,T04,T03,T09,stimuli/T04_afa.wav,stimuli/T03_asha.wav,stimuli/T09_apa.wav,theta,m,s,1,45,T11,T03,T04,stimuli/T11_athetaa.wav,stimuli/T03_ama.wav,stimuli/T04_asa.wav
11,#4D7000,#001A00,#798829,41.96,14.78,#8D9232,#AE8900,#656D14,36.57,15.05,d,b,eth,12,33,T03,T09,T11,stimuli/T03_ada.wav,stimuli/T09_aba.wav,stimuli/T11_aetha.wav,g,s,v,2,197,T04,T12,T03,stimuli/T04_aga.wav,stimuli/T12_asa.wav,stimuli/T03_ava.wav
12,#A73F8B,#FF8FA9,#792874,41.49,14.86,#96482E,#570400,#AA624A,25.13,11.03,s,eth,theta,1,84,T09,T08,T06,stimuli/T09_asa.wav,stimuli/T08_aetha.wav,stimuli/T06_athetaa.wav,zh,s,d,1,31,T07,T01,T08,stimuli/T07_azha.wav,stimuli/T01_asa.wav,stimuli/T08_ada.wav
13,#0075C1,#5CA3A4,#4576AD,48.15,13.86,#0096CD,#008386,#007CB3,33.2,17.3,zh,b,d,1,31,T06,T02,T09,stimuli/T06_azha.wav,stimuli/T02_aba.wav,stimuli/T09_ada.wav,eth,s,zh,1,44,T02,T04,T09,stimuli/T02_aetha.wav,stimuli/T04_asa.wav,stimuli/T09_azha.wav
14,#BC5CB2,#FF9FFF,#9F66BD,36.09,14.11,#BE754C,#F8B89D,#C99254,26.97,15.01,zh,s,g,1,25,T05,T10,T04,stimuli/T05_azha.wav,stimuli/T10_asa.wav,stimuli/T04_aga.wav,b,p,v,1,81,T10,T01,T04,stimuli/T10_aba.wav,stimuli/T01_apa.wav,stimuli/T04_ava.wav
15,#007D92,#007E8D,#008A8C,42.83,13.96,#007C5E,#005016,#0A5E37,25.86,16.29,m,theta,n,1,54,T05,T04,T11,stimuli/T05_ama.wav,stimuli/T04_athetaa.wav,stimuli/T11_ana.wav,n,zh,z,1,7,T07,T08,T10,stimuli/T07_ana.wav,stimuli/T08_azha.wav,stimuli/T10_aza.wav
16,#9F4C2E,#842244,#763F09,33.67,16.63,#558110,#114B00,#428100,25.86,12.62,d,b,eth,12,33,T10,T01,T04,stimuli/T10_ada.wav,stimuli/T01_aba.wav,stimuli/T04_aetha.wav,t,eth,k,1,97,T12,T07,T02,stimuli/T12_ata.wav,stimuli/T07_aetha.wav,stimuli/T02_aka.wav
17,#007EBF,#0083C1,#006795,27.87,14.53,#5859A9,#3C415D,#9172B9,33.26,16.54,f,sh,s,1,18,T06,T08,T03,stimuli/T06_afa.wav,stimuli/T08_asha.wav,stimuli/T03_asa.wav,k,n,t,3,127,T11,T03,T07,stimuli/T11_aka.wav,stimuli/T03_ana.wav,stimuli/T07_ata.wav
18,#E26683,#FF8BD7,#ED879D,29.29,12.97,#009195,#B0DBE7,#008599,41.72,18.29,g,theta,v,1,197,T05,T07,T10,stimuli/T05_aga.wav,stimuli/T07_athetaa.wav,stimuli/T10_ava.wav,d,n,eth,3,33,T05,T03,T07,stimuli/T05_ada.wav,stimuli/T03_ana.wav,stimuli/T07_aetha.wav
19,#A5823E,#353400,#A7A164,38.16,17.95,#1B764A,#00B060,#005841,40.98,16.78,n,g,z,2,7,T07,T04,T10,stimuli/T07_ana.wav,stimuli/T04_aga.wav,stimuli/T10_aza.wav,eth,f,v,1,81,T10,T01,T03,stimuli/T10_aetha.wav,stimuli/T01_afa.wav,stimuli/T03_ava.wav
20,#4B73BB,#8AE2FF,#00669B,41.18,18.78,#C2614E,#935176,#B8483B,38.74,10.03,g,theta,v,1,197,T08,T03,T10,stimuli/T08_aga.wav,stimuli/T03_athetaa.wav,stimuli/T10_ava.wav,k,z,p,1,190,T12,T04,T06,stimuli/T12_aka.wav,stimuli/T04_aza.wav,stimuli/T06_apa.wav
21,#726A00,#B17228,#575F00,29.94,13.07,#C175AD,#FFB2F1,#C49ED1,26.44,18.98,d,n,zh,3,39,T01,T11,T05,stimuli/T01_ada.wav,stimuli/T11_ana.wav,stimuli/T05_azha.wav,z,sh,zh,1,242,T04,T08,T03,stimuli/T04_aza.wav,stimuli/T08_asha.wav,stimuli/T03_azha.wav
22,#0074B1,#193E6C,#00669A,43.92,10.09,#AF4B1D,#6C5A00,#8C2900,43.29,13.57,f,g,p,1,27,T02,T07,T12,stimuli/T02_afa.wav,stimuli/T07_aga.wav,stimuli/T12_apa.wav,eth,theta,z,1,255,T11,T08,T01,stimuli/T11_aetha.wav,stimuli/T08_athetaa.wav,stimuli/T01_aza.wav
23,#B0659F,#5F7079,#B94E92,45.25,12.74,#8F6D27,#8AB087,#917D00,42.15,19.59,s,eth,sh,1,57,T08,T12,T01,stimuli/T08_asa.wav,stimuli/T12_aetha.wav,stimuli/T01_asha.wav,k,g,f,1,17,T08,T07,T02,stimuli/T08_aka.wav,stimuli/T07_aga.wav,stimuli/T02_afa.wav
24,#AD422E,#BE3156,#8E1D10,26.96,12.54,#009A91,#0086A7,#00727E,40.06,19.43,k,n,t,3,127,T08,T09,T12,stimuli/T08_aka.wav,stimuli/T09_ana.wav,stimuli/T12_ata.wav,eth,s,zh,1,44,T09,T01,T12,stimuli/T09_aetha.wav,stimuli/T01_asa.wav,stimuli/T12_azha.wav
25,#007B2F,#008800,#00662F,43.31,16.53,#0070B2,#003B61,#1F7DB2,27.73,13.34,sh,m,s,1,56,T01,T09,T07,stimuli/T01_asha.wav,stimuli/T09_ama.wav,stimuli/T07_asa.wav,d,n,eth,3,33,T10,T12,T08,stimuli/T10_ada.wav,stimuli/T12_ana.wav,stimuli/T08_aetha.wav
26,#C16932,#C55260,#BF824E,33.95,16.08,#DE6C5D,#FFC5B1,#FF8B6C,31.17,12.86,n,b,d,3,5,T06,T12,T01,stimuli/T06_ana.wav,stimuli/T12_aba.wav,stimuli/T01_ada.wav,g,s,zh,2,83,T09,T11,T03,stimuli/T09_aga.wav,stimuli/T11_asa.wav,stimuli/T03_azha.wav
27,#0077C3,#A2C5FF,#008DF5,36.14,18.77,#B26098,#D85066,#A04870,35.04,13.35,v,n,d,4,81,T09,T07,T11,stimuli/T09_ava.wav,stimuli/T07_ana.wav,stimuli/T11_ada.wav,g,theta,v,1,197,T12,T02,T10,stimuli/T12_aga.wav,stimuli/T02_athetaa.wav,stimuli/T10_ava.wav
28,#A84D47,#660000,#9E372D,39.41,11.09,#0090BA,#00F1FF,#007FBA,39.83,13.31,s,n,f,1,29,T12,T11,T01,stimuli/T12_asa.wav,stimuli/T11_ana.wav,stimuli/T01_afa.wav,m,p,s,1,4,T09,T05,T11,stimuli/T09_ama.wav,stimuli/T05_apa.wav,stimuli/T11_asa.wav
29,#5E6F26,#61AF73,#457D2D,31.82,16.54,#00775C,#6BAD44,#005B4B,45.52,12.58,d,b,g,12,107,T12,T10,T02,stimuli/T12_ada.wav,stimuli/T10_aba.wav,stimuli/T02_aga.wav,f,sh,p,1,27,T01,T08,T04,stimuli/T01_afa.wav,stimuli/T08_asha.wav,stimuli/T04_apa.wav
30,#4C6DB7,#007DED,#9792D7,44.75,19.54,#A96FB4,#919FBA,#9A89D7,37.27,16.73,t,g,theta,1,9,T09,T04,T02,stimuli/T09_ata.wav,stimuli/T04_aga.wav,stimuli/T02_athetaa.wav,z,p,zh,1,242,T09,T02,T11,stimuli/T09_aza.wav,stimuli/T02_apa.wav,stimuli/T11_azha.wav
31,#0087A5,#003652,#00B9D5,31.9,18.36,#9E4450,#820029,#86435C,28.11,15.16,eth,f,zh,1,44,T10,T04,T01,stimuli/T10_aetha.wav,stimuli/T04_afa.wav,stimuli/T01_azha.wav,v,s,eth,2,379,T05,T04,T02,stimuli/T05_ava.wav,stimuli/T04_asa.wav,stimuli/T02_aetha.wav
32,#005DBB,#0037C3,#1F7BF5,36.16,18.83,#7F7B00,#F8CB81,#8C7400,40.39,13.98,n,g,d,2,5,T11,T12,T02,stimuli/T11_ana.wav,stimuli/T12_aga.wav,stimuli/T02_ada.wav,eth,f,v,1,81,T09,T01,T10,stimuli/T09_aetha.wav,stimuli/T01_afa.wav,stimuli/T10_ava.wav
33,#D15548,#FF8677,#FE6C53,25.54,15.92,#007F99,#00C1E0,#009AC5,28.66,17.43,s,n,theta,1,84,T06,T08,T11,stimuli/T06_asa.wav,stimuli/T08_ana.wav,stimuli/T11_athetaa.wav,f,g,theta,1,151,T12,T02,T09,stimuli/T12_afa.wav,stimuli/T02_aga.wav,stimuli/T09_athetaa.wav
34,#008850,#003131,#006340,46.6,19.45,#4F77C4,#0076E4,#125FB7,25.11,12.41,eth,f,z,1,255,T10,T01,T12,stimuli/T10_aetha.wav,stimuli/T01_afa.wav,stimuli/T12_aza.wav,d,b,g,12,107,T11,T08,T07,stimuli/T11_ada.wav,stimuli/T08_aba.wav,stimuli/T07_aga.wav
35,#00807D,#05AD86,#005F66,26.2,15.39,#C769C6,#BB9FFF,#E56DDE,28.89,13.05,k,z,f,1,17,T11,T01,T07,stimuli/T11_aka.wav,stimuli/T01_aza.wav,stimuli/T07_afa.wav,d,n,zh,3,39,T06,T04,T03,stimuli/T06_ada.wav,stimuli/T04_ana.wav,stimuli/T03_azha.wav
36,#6A5EC3,#CCA2EB,#3346AA,33.95,13.16,#D54B7D,#EA0066,#FF7B9C,38.05,17.27,sh,f,theta,4,9,T05,T11,T03,stimuli/T05_asha.wav,stimuli/T11_afa.wav,stimuli/T03_athetaa.wav,n,b,z,3,7,T09,T01,T02,stimuli/T09_ana.wav,stimuli/T01_aba.wav,stimuli/T02_aza.wav
37,#008B73,#00612F,#008E6A,29.31,14.26,#847122,#657300,#737E22,27.42,15.58,f,n,s,1,18,T10,T09,T07,stimuli/T10_afa.wav,stimuli/T09_ana.wav,stimuli/T07_asa.wav,eth,s,zh,1,44,T09,T06,T02,stimuli/T09_aetha.wav,stimuli/T06_asa.wav,stimuli/T02_azha.wav
38,#734BAD,#C882F2,#89479A,26.11,12.93,#CC7A32,#F75935,#E0793E,32.64,10.09,m,z,n,1,54,T04,T09,T06,stimuli/T04_ama.wav,stimuli/T09_aza.wav,stimuli/T06_ana.wav,z,p,eth,1,162,T09,T04,T07,stimuli/T09_aza.wav,stimuli/T04_apa.wav,stimuli/T07_aetha.wav
39,#CA6AA2,#C528C4,#D189AC,46.01,15.75,#0068AE,#3FAFFA,#045EB6,27.05,13.78,t,g,p,1,109,T06,T08,T03,stimuli/T06_ata.wav,stimuli/T08_aga.wav,stimuli/T03_apa.wav,m,theta,n,1,54,T11,T06,T02,stimuli/T11_ama.wav,stimuli/T06_athetaa.wav,stimuli/T02_ana.wav
40,#007D7A,#00939B,#007E98,27.2,18.79,#C16B51,#C46715,#CF7B42,27.17,16.12,d,theta,zh,3,39,T05,T09,T02,stimuli/T05_ada.wav,stimuli/T09_athetaa.wav,stimuli/T02_azha.wav,k,n,p,3,190,T02,T11,T12,stimuli/T02_aka.wav,stimuli/T11_ana.wav,stimuli/T12_apa.wav
41,#407CCB,#007CF5,#4D96EC,38.08,10.46,#DF65A7,#9F5D76,#BD5881,28.62,15.7,zh,b,g,1,25,T06,T09,T05,stimuli/T06_azha.wav,stimuli/T09_aba.wav,stimuli/T05_aga.wav,sh,f,t,4,7,T09,T08,T12,stimuli/T09_asha.wav,stimuli/T08_afa.wav,stimuli/T12_ata.wav
42,#AE621A,#7B2F00,#BC5C3E,28.19,18.53,#876D00,#D98100,#9E8629,33.09,11.79,s,zh,theta,2,84,T04,T07,T06,stimuli/T04_asa.wav,stimuli/T07_azha.wav,stimuli/T06_athetaa.wav,z,s,v,1,48,T09,T10,T01,stimuli/T09_aza.wav,stimuli/T10_asa.wav,stimuli/T01_ava.wav
43,#008563,#003F26,#006B48,31.24,11.22,#0084C5,#00566C,#00A2DF,32.46,15.94,d,theta,g,3,107,T09,T10,T06,stimuli/T09_ada.wav,stimuli/T10_athetaa.wav,stimuli/T06_aga.wav,v,s,z,2,88,T04,T05,T12,stimuli/T04_ava.wav,stimuli/T05_asa.wav,stimuli/T12_aza.wav
44,#AA4038,#631400,#C93D4D,30.87,14.7,#A87C1C,#809934,#B78D46,33.13,12.89,v,s,eth,2,379,T01,T09,T02,stimuli/T01_ava.wav,stimuli/T09_asa.wav,stimuli/T02_aetha.wav,m,z,s,1,4,T07,T10,T02,stimuli/T07_ama.wav,stimuli/T10_aza.wav,stimuli/T02_asa.wav
45,#56803B,#8A7D61,#4F9144,32.3,10.88,#0091BB,#00D3FF,#009BBA,39.96,12.84,eth,s,z,1,255,T07,T12,T02,stimuli/T07_aetha.wav,stimuli/T12_asa.wav,stimuli/T02_aza.wav,s,n,sh,1,57,T11,T10,T01,stimuli/T11_asa.wav,stimuli/T10_ana.wav,stimuli/T01_asha.wav
46,#00938A,#00F2CB,#308777,39.91,12.86,#8859BB,#7F005C,#6970C6,40.31,19.32,s,n,theta,1,84,T07,T01,T02,stimuli/T07_asa.wav,stimuli/T01_ana.wav,stimuli/T02_athetaa.wav,theta,n,s,1,45,T11,T02,T06,stimuli/T11_athetaa.wav,stimuli/T02_ana.wav,stimuli/T06_asa.wav
47,#A67929,#7C6C00,#B97600,34.23,19.79,#6C9D3A,#B6CE81,#5F8D05,25.26,12.32,s,eth,sh,1,57,T02,T11,T03,stimuli/T02_asa.wav,stimuli/T11_aetha.wav,stimuli/T03_asha.wav,eth,f,zh,1,44,T02,T05,T06,stimuli/T02_aetha.wav,stimuli/T05_afa.wav,stimuli/T06_azha.wav
48,#116CBE,#003492,#6375D3,43.32,15.64,#96509D,#D74EC2,#A66098,27.53,13.76,s,eth,f,1,29,T01,T05,T12,stimuli/T01_asa.wav,stimuli/T05_aetha.wav,stimuli/T12_afa.wav,theta,m,f,1,260,T05,T03,T02,stimuli/T05_athetaa.wav,stimuli/T03_ama.wav,stimuli/T02_afa.wav
49,#DA5F74,#9D718C,#B62949,34.96,17.27,#009B8E,#002D1B,#008982,44.91,12.01,p,b,t,1,91,T04,T11,T08,stimuli/T04_apa.wav,stimuli/T11_aba.wav,stimuli/T08_ata.wav,eth,s,v,1,81,T12,T08,T01,stimuli/T12_aetha.wav,stimuli/T08_asa.wav,stimuli/T01_ava.wav
50,#008ECF,#00A9C6,#4999DE,31.88,17.51,#00749F,#003163,#0092C6,35.8,13.85,s,n,f,1,29,T02,T05,T04,stimuli/T02_asa.wav,stimuli/T05_ana.wav,stimuli/T04_afa.wav,g,theta,zh,1,83,T02,T04,T03,stimuli/T02_aga.wav,stimuli/T04_athetaa.wav,stimuli/T03_azha.wav
51,#B34181,#FF66E5,#E4459B,43.31,18.04,#615AA3,#3A314E,#534CAA,31.18,14.15,zh,sh,d,1,31,T11,T07,T03,stimuli/T11_azha.wav,stimuli/T07_asha.wav,stimuli/T03_ada.wav,v,m,z,7,88,T09,T11,T12,stimuli/T09_ava.wav,stimuli/T11_ama.wav,stimuli/T12_aza.wav
52,#BE5335,#FFA863,#B6554C,46.41,14.22,#0090AC,#00A884,#006B93,38.65,16.75,n,g,m,2,57,T05,T08,T12,stimuli/T05_ana.wav,stimuli/T08_aga.wav,stimuli/T12_ama.wav,eth,f,v,1,81,T01,T06,T12,stimuli/T01_aetha.wav,stimuli/T06_afa.wav,stimuli/T12_ava.wav
53,#3172C2,#7CCFFF,#218EDD,36.07,12.82,#7C9A3E,#EFE133,#738400,47.05,15.46,d,n,zh,3,39,T01,T09,T07,stimuli/T01_ada.wav,stimuli/T09_ana.wav,stimuli/T07_azha.wav,v,s,eth,2,379,T12,T05,T03,stimuli/T12_ava.wav,stimuli/T05_asa.wav,stimuli/T03_aetha.wav
54,#CC4C48,#AB0018,#F2836A,46.87,19.87,#AD6D37,#D2869F,#B45F22,44.67,13.04,zh,b,d,1,31,T05,T07,T11,stimuli/T05_azha.wav,stimuli/T07_aba.wav,stimuli/T11_ada.wav,g,theta,zh,1,83,T07,T05,T01,stimuli/T07_aga.wav,stimuli/T05_athetaa.wav,stimuli/T01_azha.wav
55,#2B81D8,#00ABC8,#3E94DA,44.56,13.71,#007856,#009EAD,#2E6633,33.65,17.7,f,sh,theta,1,151,T10,T11,T03,stimuli/T10_afa.wav,stimuli/T11_asha.wav,stimuli/T03_athetaa.wav,m,z,n,1,54,T07,T03,T01,stimuli/T07_ama.wav,stimuli/T03_aza.wav,stimuli/T01_ana.wav
56,#C55641,#471800,#EE5952,48.97,16.18,#0092DA,#0068D6,#007EC7,32.63,15.79,g,theta,d,1,148,T05,T07,T08,stimuli/T05_aga.wav,stimuli/T07_athetaa.wav,stimuli/T08_ada.wav,b,p,v,1,81,T04,T11,T10,stimuli/T04_aba.wav,stimuli/T11_apa.wav,stimuli/T10_ava.wav
57,#0E8148,#00A03F,#47995F,25.2,11.0,#2768C7,#171755,#0052B3,38.19,16.98,n,g,d,2,5,T11,T04,T09,stimuli/T11_ana.wav,stimuli/T04_aga.wav,stimuli/T09_ada.wav,k,z,f,1,17,T09,T02,T11,stimuli/T09_aka.wav,stimuli/T02_aza.wav,stimuli/T11_afa.wav
58,#00A0CC,#6A858A,#00B4D1,35.95,13.57,#B94F26,#CC6077,#C86242,37.47,10.26,n,zh,m,1,57,T10,T08,T03,stimuli/T10_ana.wav,stimuli/T08_azha.wav,stimuli/T03_ama.wav,sh,m,t,1,7,T05,T12,T08,stimuli/T05_asha.wav,stimuli/T12_ama.wav,stimuli/T08_ata.wav
59,#4A873A,#E3CD99,#235E00,48.04,19.9,#B85884,#9070AA,#D76189,28.37,11.41,b,p,z,1,19,T03,T01,T11,stimuli/T03_aba.wav,stimuli/T01_apa.wav,stimuli/T11_aza.wav,theta,n,s,1,45,T04,T09,T06,stimuli/T04_athetaa.wav,stimuli/T09_ana.wav,stimuli/T06_asa.wav
60,#506ACE,#D2B6FF,#5B6FF1,36.18,17.55,#D5724F,#A07100,#C4783E,41.16,13.56,k,n,p,3,190,T04,T06,T08,stimuli/T04_aka.wav,stimuli/T06_ana.wav,stimuli/T08_apa.wav,s,zh,theta,2,84,T01,T07,T04,stimuli/T01_asa.wav,stimuli/T07_azha.wav,stimuli/T04_athetaa.wav
61,#0090CC,#43AB9F,#3096C3,42.09,12.2,#A0395F,#681182,#85364F,45.86,11.31,zh,b,z,1,451,T11,T06,T04,stimuli/T11_azha.wav,stimuli/T06_aba.wav,stimuli/T04_aza.wav,eth,theta,zh,1,44,T11,T03,T04,stimuli/T11_aetha.wav,stimuli/T03_athetaa.wav,stimuli/T04_azha.wav
62,#767109,#74C26E,#826E20,43.47,10.07,#00A3B2,#0077A8,#008E96,26.44,10.23,z,s,eth,1,162,T11,T03,T07,stimuli/T11_aza.wav,stimuli/T03_asa.wav,stimuli/T07_aetha.wav,v,m,z,7,88,T03,T12,T05,stimuli/T03_ava.wav,stimuli/T12_ama.wav,stimuli/T05_aza.wav
63,#C9626B,#772442,#934E50,29.12,18.07,#9874BD,#00A4FF,#AC7DE3,46.48,16.41,g,s,zh,2,83,T10,T02,T04,stimuli/T10_aga.wav,stimuli/T02_asa.wav,stimuli/T04_azha.wav,n,g,d,2,5,T10,T08,T03,stimuli/T10_ana.wav,stimuli/T08_aga.wav,stimuli/T03_ada.wav
64,#008BD7,#0088F8,#0072C7,38.92,13.22,#007EA8,#00295C,#006F81,39.11,19.04,g,theta,zh,1,83,T05,T10,T03,stimuli/T05_aga.wav,stimuli/T10_athetaa.wav,stimuli/T03_azha.wav,z,p,v,1,48,T09,T08,T12,stimuli/T09_aza.wav,stimuli/T08_apa.wav,stimuli/T12_ava.wav
65,#A93367,#8D3325,#96003F,35.48,15.6,#009858,#00CBB2,#3AAB71,29.97,11.14,v,n,d,4,81,T04,T06,T02,stimuli/T04_ava.wav,stimuli/T06_ana.wav,stimuli/T02_ada.wav,m,p,n,1,54,T06,T08,T07,stimuli/T06_ama.wav,stimuli/T08_apa.wav,stimuli/T07_ana.wav
66,#7B6500,#303200,#666700,39.54,16.96,#AD5631,#D28C97,#D76937,37.89,15.64,b,zh,eth,3,74,T08,T01,T07,stimuli/T08_aba.wav,stimuli/T01_azha.wav,stimuli/T07_aetha.wav,s,zh,f,2,29,T10,T12,T01,stimuli/T10_asa.wav,stimuli/T12_azha.wav,stimuli/T01_afa.wav
67,#4A935A,#003721,#518B41,40.73,10.18,#C56578,#750018,#DE7597,36.31,10.81,v,n,d,4,81,T02,T08,T09,stimuli/T02_ava.wav,stimuli/T08_ana.wav,stimuli/T09_ada.wav,g,theta,zh,1,83,T01,T10,T06,stimuli/T01_aga.wav,stimuli/T10_athetaa.wav,stimuli/T06_azha.wav
68,#CD6DBD,#8E8FCB,#9F4183,35.7,18.47,#00A1AD,#00F4FF,#26A0B7,40.07,13.47,z,sh,zh,1,242,T08,T05,T02,stimuli/T08_aza.wav,stimuli/T05_asha.wav,stimuli/T02_azha.wav,b,zh,eth,3,74,T02,T10,T07,stimuli/T02_aba.wav,stimuli/T10_azha.wav,stimuli/T07_aetha.wav
69,#006E43,#005400,#005C28,26.84,10.31,#D6675E,#FFB1F2,#CA5D39,49.63,15.73,p,v,t,1,91,T10,T09,T01,stimuli/T10_apa.wav,stimuli/T09_ava.wav,stimuli/T01_ata.wav,k,g,t,1,127,T02,T03,T05,stimuli/T02_aka.wav,stimuli/T03_aga.wav,stimuli/T05_ata.wav
70,#008D9D,#00316A,#007691,48.57,14.35,#4778D9,#A99FFF,#5558AE,40.09,15.48,f,g,p,1,27,T05,T06,T01,stimuli/T05_afa.wav,stimuli/T06_aga.wav,stimuli/T01_apa.wav,eth,theta,z,1,255,T03,T02,T08,stimuli/T03_aetha.wav,stimuli/T02_athetaa.wav,stimuli/T08_aza.wav
71,#A77513,#3E3500,#C69437,43.61,12.02,#CF69AD,#953E5D,#F588C6,28.15,12.61,theta,m,p,1,35,T07,T02,T10,stimuli/T07_athetaa.wav,stimuli/T02_ama.wav,stimuli/T10_apa.wav,d,theta,eth,3,33,T11,T06,T02,stimuli/T11_ada.wav,stimuli/T06_athetaa.wav,stimuli/T02_aetha.wav
72,#597E30,#8A7132,#799B4D,28.75,11.4,#0082BF,#2E6575,#309DD3,28.91,11.75,eth,f,v,1,81,T05,T08,T06,stimuli/T05_aetha.wav,stimuli/T08_afa.wav,stimuli/T06_ava.wav,p,d,t,1,91,T11,T01,T05,stimuli/T11_apa.wav,stimuli/T01_ada.wav,stimuli/T05_ata.wav
73,#C67740,#BFA46F,#CB6314,28.37,19.38,#007574,#008248,#007576,34.57,16.16,n,zh,m,1,57,T10,T09,T03,stimuli/T10_ana.wav,stimuli/T09_azha.wav,stimuli/T03_ama.wav,g,m,d,1,148,T06,T07,T11,stimuli/T06_aga.wav,stimuli/T07_ama.wav,stimuli/T11_ada.wav
74,#4B7831,#434A00,#709655,27.16,13.02,#D26DA0,#FF8DF4,#D95589,31.2,13.24,theta,m,s,1,45,T06,T01,T10,stimuli/T06_athetaa.wav,stimuli/T01_ama.wav,stimuli/T10_asa.wav,k,g,f,1,17,T12,T04,T05,stimuli/T12_aka.wav,stimuli/T04_aga.wav,stimuli/T05_afa.wav
75,#0070A1,#8FABD0,#006F8F,36.26,11.49,#DA5560,#F1003E,#B35C50,33.07,19.43,zh,s,z,1,451,T06,T07,T12,stimuli/T06_azha.wav,stimuli/T07_asa.wav,stimuli/T12_aza.wav,m,p,b,1,5,T01,T05,T09,stimuli/T01_ama.wav,stimuli/T05_apa.wav,stimuli/T09_aba.wav
76,#008277,#43A05D,#1B7B78,34.0,16.16,#A96932,#752F00,#D29158,28.46,15.32,s,zh,sh,2,57,T06,T01,T09,stimuli/T06_asa.wav,stimuli/T01_azha.wav,stimuli/T09_asha.wav,t,eth,theta,1,9,T10,T02,T04,stimuli/T10_ata.wav,stimuli/T02_aetha.wav,stimuli/T04_athetaa.wav
77,#4185CA,#DEEBFF,#3078CD,41.78,11.21,#696A10,#5A895A,#5F6900,30.89,19.37,t,g,theta,1,9,T04,T03,T06,stimuli/T04_ata.wav,stimuli/T03_aga.wav,stimuli/T06_athetaa.wav,f,sh,s,1,18,T10,T06,T03,stimuli/T10_afa.wav,stimuli/T06_asha.wav,stimuli/T03_asa.wav
78,#AD609E,#8C3E4A,#DF90DC,32.6,19.71,#007139,#00B572,#007923,28.17,15.68,f,n,theta,1,151,T08,T09,T04,stimuli/T08_afa.wav,stimuli/T09_ana.wav,stimuli/T04_athetaa.wav,s,eth,sh,1,57,T08,T05,T06,stimuli/T08_asa.wav,stimuli/T05_aetha.wav,stimuli/T06_asha.wav
79,#8B860B,#204000,#738200,40.12,10.07,#008297,#007B7B,#00A4AB,46.84,18.87,g,s,v,2,197,T04,T03,T02,stimuli/T04_aga.wav,stimuli/T03_asa.wav,stimuli/T02_ava.wav,m,theta,b,1,5,T01,T04,T03,stimuli/T01_ama.wav,stimuli/T04_athetaa.wav,stimuli/T03_aba.wav
80,#CA6B5A,#652D25,#C74841,33.25,17.19,#936ECB,#770069,#7E4395,49.03,17.93,p,d,k,1,207,T11,T03,T07,stimuli/T11_apa.wav,stimuli/T03_ada.wav,stimuli/T07_aka.wav,g,s,v,2,197,T10,T06,T12,stimuli/T10_aga.wav,stimuli/T06_asa.wav,stimuli/T12_ava.wav
81,#009EEB,#00A5E1,#0088E0,27.09,14.42,#2D7B21,#8FA07A,#00601B,40.84,14.34,v,m,z,7,88,T12,T06,T03,stimuli/T12_ava.wav,stimuli/T06_ama.wav,stimuli/T03_aza.wav,sh,f,theta,4,9,T09,T02,T01,stimuli/T09_asha.wav,stimuli/T02_afa.wav,stimuli/T01_athetaa.wav
82,#BE8135,#FFDC8D,#D5A370,36.96,19.92,#9F7ACE,#F2A0E2,#B57CC0,26.93,12.24,theta,m,s,1,45,T10,T05,T06,stimuli/T10_athetaa.wav,stimuli/T05_ama.wav,stimuli/T06_asa.wav,k,n,t,3,127,T01,T09,T05,stimuli/T01_aka.wav,stimuli/T09_ana.wav,stimuli/T05_ata.wav
83,#00A363,#009083,#20B581,30.18,11.2,#CA5664,#F6A367,#A21F47,42.19,18.15,sh,p,s,1,56,T01,T08,T04,stimuli/T01_asha.wav,stimuli/T08_apa.wav,stimuli/T04_asa.wav,t,z,p,1,109,T08,T06,T03,stimuli/T08_ata.wav,stimuli/T06_aza.wav,stimuli/T03_apa.wav
84,#C16C3D,#F3879D,#AD7850,38.82,16.93,#84941E,#A2CD27,#71802D,28.59,15.42,theta,n,f,1,260,T09,T10,T12,stimuli/T09_athetaa.wav,stimuli/T10_ana.wav,stimuli/T12_afa.wav,n,g,z,2,7,T08,T11,T06,stimuli/T08_ana.wav,stimuli/T11_aga.wav,stimuli/T06_aza.wav
85,#9C3A7E,#BD9ECA,#BA2D80,40.85,14.39,#9066CA,#FF8AFF,#66529A,37.73,19.38,k,g,t,1,127,T05,T03,T06,stimuli/T05_aka.wav,stimuli/T03_aga.wav,stimuli/T06_ata.wav,f,n,theta,1,151,T07,T08,T03,stimuli/T07_afa.wav,stimuli/T08_ana.wav,stimuli/T03_athetaa.wav
86,#00845C,#5BC382,#007D67,25.9,11.96,#197118,#006B31,#296727,32.86,13.38,theta,d,p,4,35,T12,T01,T11,stimuli/T12_athetaa.wav,stimuli/T01_ada.wav,stimuli/T11_apa.wav,eth,s,z,1,255,T08,T11,T04,stimuli/T08_aetha.wav,stimuli/T11_asa.wav,stimuli/T04_aza.wav
87,#0089B9,#00E2FF,#006290,34.03,19.63,#9F4F13,#776700,#BB6F2F,36.94,12.14,v,n,z,4,88,T11,T06,T09,stimuli/T11_ava.wav,stimuli/T06_ana.wav,stimuli/T09_aza.wav,s,eth,sh,1,57,T04,T10,T11,stimuli/T04_asa.wav,stimuli/T10_aetha.wav,stimuli/T11_asha.wav
88,#009777,#00300A,#00A976,45.86,11.9,#6F962E,#C1B15C,#99BE39,28.32,18.87,eth,theta,zh,1,44,T09,T03,T12,stimuli/T09_aetha.wav,stimuli/T03_athetaa.wav,stimuli/T12_azha.wav,t,z,theta,1,9,T01,T11,T02,stimuli/T01_ata.wav,stimuli/T11_aza.wav,stimuli/T02_athetaa.wav
89,#C9434E,#DE005A,#A95051,41.25,18.75,#0078B5,#0082C7,#38799E,31.65,18.69,sh,p,s,1,56,T09,T05,T12,stimuli/T09_asha.wav,stimuli/T05_apa.wav,stimuli/T12_asa.wav,s,n,f,1,29,T01,T07,T03,stimuli/T01_asa.wav,stimuli/T07_ana.wav,stimuli/T03_afa.wav
90,#618927,#006800,#4F9A29,29.18,14.96,#884A94,#531680,#9E6EA8,26.27,15.4,v,n,d,4,81,T08,T02,T05,stimuli/T08_ava.wav,stimuli/T02_ana.wav,stimuli/T05_ada.wav,n,g,z,2,7,T01,T08,T02,stimuli/T01_ana.wav,stimuli/T08_aga.wav,stimuli/T02_aza.wav
91,#009165,#005749,#3E935A,26.65,13.42,#D4743B,#FFAC9B,#EC662A,31.71,18.55,b,p,v,1,81,T01,T10,T09,stimuli/T01_aba.wav,stimuli/T10_apa.wav,stimuli/T09_ava.wav,m,p,b,1,5,T08,T12,T02,stimuli/T08_ama.wav,stimuli/T12_apa.wav,stimuli/T02_aba.wav
92,#006EBB,#0061A5,#007BD0,28.51,12.32,#008ABF,#00A2FF,#1899CF,27.79,15.56,p,d,t,1,91,T10,T08,T04,stimuli/T10_apa.wav,stimuli/T08_ada.wav,stimuli/T04_ata.wav,eth,s,v,1,81,T01,T08,T10,stimuli/T01_aetha.wav,stimuli/T08_asa.wav,stimuli/T10_ava.wav
93,#C97D58,#F48796,#E8A563,28.86,19.23,#B167AD,#2A0A33,#C982CE,48.61,10.45,f,sh,theta,1,151,T12,T01,T08,stimuli/T12_afa.wav,stimuli/T01_asha.wav,stimuli/T08_athetaa.wav,k,n,p,3,190,T01,T08,T06,stimuli/T01_aka.wav,stimuli/T08_ana.wav,stimuli/T06_apa.wav
94,#007B33,#002900,#006126,35.92,11.3,#677809,#017800,#839017,31.78,11.05,eth,theta,zh,1,44,T04,T08,T09,stimuli/T04_aetha.wav,stimuli/T08_athetaa.wav,stimuli/T09_azha.wav,p,v,k,1,207,T03,T11,T01,stimuli/T03_apa.wav,stimuli/T11_ava.wav,stimuli/T01_aka.wav
95,#8C5800,#978E1C,#A25D25,29.69,15.01,#00A2C9,#1A9D80,#0087B5,40.4,13.26,f,g,theta,1,151,T05,T01,T03,stimuli/T05_afa.wav,stimuli/T01_aga.wav,stimuli/T03_athetaa.wav,z,sh,zh,1,242,T01,T04,T11,stimuli/T01_aza.wav,stimuli/T04_asha.wav,stimuli/T11_azha.wav
96,#00A192,#003D4A,#109F91,48.58,11.86,#B63457,#CF7A7C,#E6536A,27.49,16.04,z,s,eth,1,162,T08,T11,T03,stimuli/T08_aza.wav,stimuli/T11_asa.wav,stimuli/T03_aetha.wav,b,n,z,4,19,T11,T02,T07,stimuli/T11_aba.wav,stimuli/T02_ana.wav,stimuli/T07_aza.wav
97,#0097E7,#00E5FF,#008FEC,28.63,19.32,#7364B7,#8AACEC,#554783,31.74,17.21,m,z,n,1,54,T07,T10,T09,stimuli/T07_ama.wav,stimuli/T10_aza.wav,stimuli/T09_ana.wav,p,v,k,1,207,T03,T11,T10,stimuli/T03_apa.wav,stimuli/T11_ava.wav,stimuli/T10_aka.wav
98,#C2407F,#622338,#AB467D,36.46,10.45,#956016,#EF9581,#874901,37.49,10.44,v,m,eth,7,379,T05,T06,T09,stimuli/T05_ava.wav,stimuli/T06_ama.wav,stimuli/T09_aetha.wav,k,n,t,3,127,T01,T11,T09,stimuli/T01_aka.wav,stimuli/T11_ana.wav,stimuli/T09_ata.wav
99,#9166BE,#A02F83,#6F79E7,29.42,19.43,#00749E,#00ADEA,#0085B1,25.64,13.65,m,z,s,1,4,T12,T02,T07,stimuli/T12_ama.wav,stimuli/T02_aza.wav,stimuli/T07_asa.wav,d,b,zh,12,39,T06,T09,T11,stimuli/T06_ada.wav,stimuli/T09_aba.wav,stimuli/T11_azha.wav
100,#5B9F4F,#8B8142,#98B05E,33.06,18.85,#E06660,#6A3C59,#F0536B,49.41,16.0,n,g,m,2,57,T11,T07,T05,stimuli/T11_ana.wav,stimuli/T07_aga.wav,stimuli/T05_ama.wav,z,p,eth,1,162,T06,T09,T05,stimuli/T06_aza.wav,stimuli/T09_apa.wav,stimuli/T05_aetha.wav
101,#0068A2,#75449A,#1878C8,47.7,18.3,#008894,#00AEE6,#00A5C9,39.73,17.64,sh,m,s,1,56,T09,T07,T05,stimuli/T09_asha.wav,stimuli/T07_ama.wav,stimuli/T05_asa.wav,k,z,f,1,17,T01,T04,T06,stimuli/T01_aka.wav,stimuli/T04_aza.wav,stimuli/T06_afa.wav
102,#4F6817,#292000,#6F8611,34.98,17.84,#DF6B67,#E83418,#E3738B,39.98,16.66,t,z,p,1,109,T05,T09,T11,stimuli/T05_ata.wav,stimuli/T09_aza.wav,stimuli/T11_apa.wav,b,p,v,1,81,T07,T06,T02,stimuli/T07_aba.wav,stimuli/T06_apa.wav,stimuli/T02_ava.wav
103,#1B71B3,#0077B8,#3B7ED0,44.65,11.63,#00839C,#007B84,#006E81,30.21,18.35,sh,f,t,4,7,T01,T12,T07,stimuli/T01_asha.wav,stimuli/T12_afa.wav,stimuli/T07_ata.wav,b,p,z,1,19,T10,T05,T11,stimuli/T10_aba.wav,stimuli/T05_apa.wav,stimuli/T11_aza.wav
104,#D47837,#FFC4C0,#B14413,44.39,19.73,#008A47,#00DF60,#249940,43.29,11.79,sh,f,t,4,7,T11,T03,T08,stimuli/T11_asha.wav,stimuli/T03_afa.wav,stimuli/T08_ata.wav,g,s,d,2,148,T06,T03,T12,stimuli/T06_aga.wav,stimuli/T03_asa.wav,stimuli/T12_ada.wav
105,#00949A,#00A0B3,#009C9E,35.82,15.02,#008CBF,#636D68,#0070AD,46.77,15.45,m,p,b,1,5,T08,T02,T10,stimuli/T08_ama.wav,stimuli/T02_apa.wav,stimuli/T10_aba.wav,p,b,k,1,207,T11,T02,T08,stimuli/T11_apa.wav,stimuli/T02_aba.wav,stimuli/T08_aka.wav
106,#507329,#002700,#716E11,36.68,19.33,#B3524A,#E84850,#913D1D,25.3,16.8,s,zh,sh,2,57,T08,T10,T09,stimuli/T08_asa.wav,stimuli/T10_azha.wav,stimuli/T09_asha.wav,k,z,f,1,17,T01,T02,T11,stimuli/T01_aka.wav,stimuli/T02_aza.wav,stimuli/T11_afa.wav
107,#00A076,#009A8F,#009164,48.29,10.04,#0093D9,#00C5E0,#0097CC,40.97,12.88,g,m,d,1,148,T04,T06,T12,stimuli/T04_aga.wav,stimuli/T06_ama.wav,stimuli/T12_ada.wav,theta,m,p,1,35,T05,T04,T07,stimuli/T05_athetaa.wav,stimuli/T04_ama.wav,stimuli/T07_apa.wav
108,#A97D39,#C7BC53,#CE8B64,29.96,18.0,#CF60A8,#91698E,#FF78D9,30.87,18.97,zh,sh,z,1,451,T10,T02,T12,stimuli/T10_azha.wav,stimuli/T02_asha.wav,stimuli/T12_aza.wav,sh,p,theta,1,9,T04,T12,T11,stimuli/T04_asha.wav,stimuli/T12_apa.wav,stimuli/T11_athetaa.wav
109,#577E28,#D1B157,#61A94D,39.41,19.11,#00788A,#002722,#00616A,41.58,11.02,k,g,f,1,17,T09,T01,T11,stimuli/T09_aka.wav,stimuli/T01_aga.wav,stimuli/T11_afa.wav,v,s,d,2,81,T04,T11,T03,stimuli/T04_ava.wav,stimuli/T11_asa.wav,stimuli/T03_ada.wav
110,#0089C6,#B8DFFF,#008FD7,40.78,11.34,#7C80D6,#D3B5FF,#927CE2,37.12,12.22,d,theta,eth,3,33,T05,T11,T02,stimuli/T05_ada.wav,stimuli/T11_athetaa.wav,stimuli/T02_aetha.wav,m,p,b,1,5,T10,T05,T06,stimuli/T10_ama.wav,stimuli/T05_apa.wav,stimuli/T06_aba.wav
111,#A45E35,#220400,#7D412E,49.5,17.37,#7A8400,#1B6300,#749629,30.85,12.97,z,p,v,1,48,T11,T04,T06,stimuli/T11_aza.wav,stimuli/T04_apa.wav,stimuli/T06_ava.wav,eth,f,v,1,81,T12,T04,T03,stimuli/T12_aetha.wav,stimuli/T04_afa.wav,stimuli/T03_ava.wav
112,#7756A8,#02256A,#7D71CD,29.1,12.29,#31763D,#0B3700,#008154,47.83,12.56,m,p,n,1,54,T06,T11,T01,stimuli/T06_ama.wav,stimuli/T11_apa.wav,stimuli/T01_ana.wav,t,z,p,1,109,T03,T08,T02,stimuli/T03_ata.wav,stimuli/T08_aza.wav,stimuli/T02_apa.wav
113,#009B9E,#00673D,#008389,39.52,12.73,#C64C80,#B30062,#C96F99,26.69,15.37,zh,sh,g,1,25,T03,T01,T07,stimuli/T03_azha.wav,stimuli/T01_asha.wav,stimuli/T07_aga.wav,m,p,n,1,54,T06,T07,T12,stimuli/T06_ama.wav,stimuli/T07_apa.wav,stimuli/T12_ana.wav
114,#0096EC,#4DC6DE,#0094FF,40.23,17.74,#006CA2,#00163A,#004A71,44.08,19.2,d,b,g,12,107,T12,T03,T05,stimuli/T12_ada.wav,stimuli/T03_aba.wav,stimuli/T05_aga.wav,zh,sh,d,1,31,T06,T09,T12,stimuli/T06_azha.wav,stimuli/T09_asha.wav,stimuli/T12_ada.wav
115,#755D00,#A9844C,#72480B,25.55,18.8,#8475CA,#749EC2,#AB80D3,36.89,11.37,t,eth,k,1,97,T10,T03,T09,stimuli/T10_ata.wav,stimuli/T03_aetha.wav,stimuli/T09_aka.wav,eth,f,v,1,81,T04,T03,T01,stimuli/T04_aetha.wav,stimuli/T03_afa.wav,stimuli/T01_ava.wav
116,#008262,#009E92,#009585,29.75,12.73,#006FCA,#005CCC,#0080ED,33.76,11.79,b,zh,eth,3,74,T01,T08,T05,stimuli/T01_aba.wav,stimuli/T08_azha.wav,stimuli/T05_aetha.wav,g,m,d,1,148,T01,T02,T10,stimuli/T01_aga.wav,stimuli/T02_ama.wav,stimuli/T10_ada.wav
117,#9A7B29,#674400,#906518,34.95,10.27,#AC4C30,#7E5427,#B86D47,25.17,14.74,n,zh,z,1,7,T06,T10,T05,stimuli/T06_ana.wav,stimuli/T10_azha.wav,stimuli/T05_aza.wav,p,d,t,1,91,T01,T11,T12,stimuli/T01_apa.wav,stimuli/T11_ada.wav,stimuli/T12_ata.wav
118,#177427,#006100,#005600,42.91,19.72,#00A1B9,#00EDFF,#0095AC,47.48,12.53,d,n,g,3,107,T08,T03,T04,stimuli/T08_ada.wav,stimuli/T03_ana.wav,stimuli/T04_aga.wav,t,z,k,1,97,T06,T02,T03,stimuli/T06_ata.wav,stimuli/T02_aza.wav,stimuli/T03_aka.wav
119,#0066AA,#B582A7,#0067BF,48.28,12.58,#A95446,#FF6571,#925E3E,35.97,16.15,eth,s,v,1,81,T06,T08,T02,stimuli/T06_aetha.wav,stimuli/T08_asa.wav,stimuli/T02_ava.wav,z,p,eth,1,162,T08,T05,T03,stimuli/T08_aza.wav,stimuli/T05_apa.wav,stimuli/T03_aetha.wav
120,#A27A1D,#FFE1B7,#846700,49.42,13.34,#669C4D,#658E00,#487E2F,31.65,11.48,b,zh,v,3,81,T12,T06,T05,stimuli/T12_aba.wav,stimuli/T06_azha.wav,stimuli/T05_ava.wav,p,v,k,1,207,T07,T08,T01,stimuli/T07_apa.wav,stimuli/T08_ava.wav,stimuli/T01_aka.wav
121,#BF4965,#F84551,#CC5863,32.42,10.11,#009997,#41FFF9,#00AEBA,47.88,11.46,v,s,z,2,88,T12,T02,T03,stimuli/T12_ava.wav,stimuli/T02_asa.wav,stimuli/T03_aza.wav,p,v,theta,1,30,T03,T09,T11,stimuli/T03_apa.wav,stimuli/T09_ava.wav,stimuli/T11_athetaa.wav
122,#A74A2A,#7D0004,#DD714B,34.28,16.78,#7673C3,#CA9AB5,#414FAE,37.95,18.69,g,m,zh,1,83,T02,T06,T01,stimuli/T02_aga.wav,stimuli/T06_ama.wav,stimuli/T01_azha.wav,zh,b,d,1,31,T07,T05,T08,stimuli/T07_azha.wav,stimuli/T05_aba.wav,stimuli/T08_ada.wav
123,#7E7F0E,#E0E155,#878000,37.9,17.23,#00866E,#008075,#009789,43.24,11.58,f,n,p,1,27,T11,T03,T10,stimuli/T11_afa.wav,stimuli/T03_ana.wav,stimuli/T10_apa.wav,b,zh,z,3,19,T04,T09,T11,stimuli/T04_aba.wav,stimuli/T09_azha.wav,stimuli/T11_aza.wav
124,#6658B0,#000062,#0058B0,47.55,18.06,#CE6241,#E0948C,#C05022,29.28,11.16,eth,f,v,1,81,T11,T02,T03,stimuli/T11_aetha.wav,stimuli/T02_afa.wav,stimuli/T03_ava.wav,zh,b,z,1,451,T07,T05,T12,stimuli/T07_azha.wav,stimuli/T05_aba.wav,stimuli/T12_aza.wav
125,#00A283,#0DFC98,#009D8C,45.3,14.45,#C05EA0,#D97480,#AF479D,30.9,12.02,p,b,k,1,207,T04,T03,T01,stimuli/T04_apa.wav,stimuli/T03_aba.wav,stimuli/T01_aka.wav,f,n,s,1,18,T08,T03,T07,stimuli/T08_afa.wav,stimuli/T03_ana.wav,stimuli/T07_asa.wav
126,#5972C0,#292F95,#4C73D6,32.96,12.49,#007EB4,#004C6B,#006094,43.97,12.93,sh,p,s,1,56,T09,T11,T03,stimuli/T09_asha.wav,stimuli/T11_apa.wav,stimuli/T03_asa.wav,theta,m,p,1,35,T12,T01,T04,stimuli/T12_athetaa.wav,stimuli/T01_ama.wav,stimuli/T04_apa.wav
127,#8A9331,#467500,#699545,35.32,17.18,#BB72C6,#7CBBFF,#AA72D7,44.67,11.84,k,g,t,1,127,T04,T06,T10,stimuli/T04_aka.wav,stimuli/T06_aga.wav,stimuli/T10_ata.wav,m,theta,b,1,5,T11,T08,T02,stimuli/T11_ama.wav,stimuli/T08_athetaa.wav,stimuli/T02_aba.wav
128,#C3615E,#C23061,#C7754D,26.01,19.16,#008766,#49650D,#009F86,47.79,18.45,zh,sh,g,1,25,T08,T01,T04,stimuli/T08_azha.wav,stimuli/T01_asha.wav,stimuli/T04_aga.wav,s,eth,f,1,29,T12,T04,T07,stimuli/T12_asa.wav,stimuli/T04_aetha.wav,stimuli/T07_afa.wav
129,#9677BE,#5F779F,#6E6BB0,26.39,11.53,#005FB8,#3E2E7E,#0068B7,26.76,17.43,theta,m,s,1,45,T11,T08,T09,stimuli/T11_athetaa.wav,stimuli/T08_ama.wav,stimuli/T09_asa.wav,d,n,eth,3,33,T05,T09,T06,stimuli/T05_ada.wav,stimuli/T09_ana.wav,stimuli/T06_aetha.wav
130,#008F9D,#009FC9,#009FA5,39.37,10.77,#008E72,#004F51,#4C7D5C,30.89,19.61,z,s,eth,1,162,T02,T08,T01,stimuli/T02_aza.wav,stimuli/T08_asa.wav,stimuli/T01_aetha.wav,d,n,eth,3,33,T09,T12,T08,stimuli/T09_ada.wav,stimuli/T12_ana.wav,stimuli/T08_aetha.wav
131,#8C5200,#CBB03D,#764500,39.69,17.87,#3C84CD,#C9B9FF,#5A74AA,33.1,13.85,k,g,p,1,190,T05,T06,T10,stimuli/T05_aka.wav,stimuli/T06_aga.wav,stimuli/T10_apa.wav,d,b,zh,12,39,T01,T09,T03,stimuli/T01_ada.wav,stimuli/T09_aba.wav,stimuli/T03_azha.wav
132,#34905C,#224137,#438D41,41.9,13.43,#C26377,#70674E,#DF7A7F,42.39,11.99,s,n,sh,1,57,T01,T04,T12,stimuli/T01_asa.wav,stimuli/T04_ana.wav,stimuli/T12_asha.wav,theta,d,f,4,260,T08,T09,T05,stimuli/T08_athetaa.wav,stimuli/T09_ada.wav,stimuli/T05_afa.wav
133,#00A0CE,#004262,#00C5FC,38.09,14.16,#935510,#7B0000,#AF7633,35.42,13.22,v,m,z,7,88,T07,T09,T08,stimuli/T07_ava.wav,stimuli/T09_ama.wav,stimuli/T08_aza.wav,m,z,b,1,5,T07,T05,T03,stimuli/T07_ama.wav,stimuli/T05_aza.wav,stimuli/T03_aba.wav
134,#00999F,#006623,#007A6D,49.72,17.25,#289447,#00AA95,#10A567,34.12,11.83,n,g,d,2,5,T09,T02,T07,stimuli/T09_ana.wav,stimuli/T02_aga.wav,stimuli/T07_ada.wav,f,n,p,1,27,T09,T03,T02,stimuli/T09_afa.wav,stimuli/T03_ana.wav,stimuli/T02_apa.wav
135,#D95194,#873E3A,#F771B9,42.86,11.76,#B5872A,#FFE59C,#CC8700,36.21,17.55,p,d,t,1,91,T05,T12,T01,stimuli/T05_apa.wav,stimuli/T12_ada.wav,stimuli/T01_ata.wav,v,n,z,4,88,T12,T11,T05,stimuli/T12_ava.wav,stimuli/T11_ana.wav,stimuli/T05_aza.wav
136,#4E6823,#9E8146,#4F5E2B,29.36,10.22,#007A83,#003707,#007D93,47.48,10.74,s,n,f,1,29,T12,T01,T07,stimuli/T12_asa.wav,stimuli/T01_ana.wav,stimuli/T07_afa.wav,t,eth,theta,1,9,T04,T08,T10,stimuli/T04_ata.wav,stimuli/T08_aetha.wav,stimuli/T10_athetaa.wav
137,#3460AC,#3E2A81,#006CB3,27.41,16.71,#0096C4,#0079C9,#0090C1,36.5,17.3,f,g,theta,1,151,T09,T03,T08,stimuli/T09_afa.wav,stimuli/T03_aga.wav,stimuli/T08_athetaa.wav,m,p,n,1,54,T06,T04,T01,stimuli/T06_ama.wav,stimuli/T04_apa.wav,stimuli/T01_ana.wav
138,#007442,#005C59,#00724E,34.11,13.39,#90700F,#746800,#7C7020,42.23,12.26,z,s,zh,1,242,T08,T02,T01,stimuli/T08_aza.wav,stimuli/T02_asa.wav,stimuli/T01_azha.wav,eth,f,v,1,81,T03,T05,T10,stimuli/T03_aetha.wav,stimuli/T05_afa.wav,stimuli/T10_ava.wav
139,#984837,#4D0100,#A44B56,45.54,15.86,#008AB7,#003350,#00A9C7,44.95,14.68,n,b,m,3,57,T07,T01,T12,stimuli/T07_ana.wav,stimuli/T01_aba.wav,stimuli/T12_ama.wav,v,m,eth,7,379,T02,T06,T09,stimuli/T02_ava.wav,stimuli/T06_ama.wav,stimuli/T09_aetha.wav
140,#1895E5,#3F607A,#008ECD,37.13,19.92,#517230,#282E08,#4A6436,32.39,11.73,eth,s,zh,1,44,T12,T07,T05,stimuli/T12_aetha.wav,stimuli/T07_asa.wav,stimuli/T05_azha.wav,k,z,t,1,127,T12,T06,T08,stimuli/T12_aka.wav,stimuli/T06_aza.wav,stimuli/T08_ata.wav
141,#BC6150,#CAA7B7,#994C1B,41.37,19.25,#008290,#004126,#00A4B6,38.36,14.28,v,s,z,2,88,T09,T07,T11,stimuli/T09_ava.wav,stimuli/T07_asa.wav,stimuli/T11_aza.wav,eth,f,v,1,81,T04,T07,T01,stimuli/T04_aetha.wav,stimuli/T07_afa.wav,stimuli/T01_ava.wav
142,#0087C1,#0098FF,#00B2F1,49.29,16.09,#7E7A0B,#A49800,#695507,36.93,19.79,n,zh,d,1,5,T06,T03,T04,stimuli/T06_ana.wav,stimuli/T03_azha.wav,stimuli/T04_ada.wav,zh,sh,d,1,31,T01,T08,T12,stimuli/T01_azha.wav,stimuli/T08_asha.wav,stimuli/T12_ada.wav
143,#008539,#004100,#2D820A,43.76,18.42,#C2556F,#AD1470,#D04C64,27.87,10.6,k,n,p,3,190,T04,T08,T03,stimuli/T04_aka.wav,stimuli/T08_ana.wav,stimuli/T03_apa.wav,theta,d,s,4,45,T09,T11,T07,stimuli/T09_athetaa.wav,stimuli/T11_ada.wav,stimuli/T07_asa.wav
144,#0079A3,#51BEA4,#007184,48.03,16.62,#0099AC,#00FFFF,#007CA0,49.35,15.75,eth,f,z,1,255,T11,T12,T01,stimuli/T11_aetha.wav,stimuli/T12_afa.wav,stimuli/T01_aza.wav,s,eth,sh,1,57,T05,T10,T12,stimuli/T05_asa.wav,stimuli/T10_aetha.wav,stimuli/T12_asha.wav
145,#7F7F34,#6A484D,#747000,48.1,19.14,#8B60A8,#B23DD5,#9F62B9,43.49,10.23,k,g,f,1,17,T06,T04,T11,stimuli/T06_aka.wav,stimuli/T04_aga.wav,stimuli/T11_afa.wav,n,zh,d,1,5,T01,T06,T07,stimuli/T01_ana.wav,stimuli/T06_azha.wav,stimuli/T07_ada.wav
146,#006F5A,#000B00,#007F88,45.35,19.88,#007393,#0093E2,#0096B0,35.8,13.96,t,eth,p,1,109,T11,T01,T06,stimuli/T11_ata.wav,stimuli/T01_aetha.wav,stimuli/T06_apa.wav,g,m,zh,1,83,T09,T12,T06,stimuli/T09_aga.wav,stimuli/T12_ama.wav,stimuli/T06_azha.wav
147,#8E6B23,#5B2A01,#C28F43,29.87,16.47,#B85D9D,#ACA0B9,#AE54B7,39.97,19.18,b,n,z,4,19,T11,T02,T05,stimuli/T11_aba.wav,stimuli/T02_ana.wav,stimuli/T05_aza.wav,p,b,k,1,207,T04,T09,T01,stimuli/T04_apa.wav,stimuli/T09_aba.wav,stimuli/T01_aka.wav
148,#008856,#005F00,#00A558,27.9,17.35,#00878E,#4B6E4E,#00565D,39.13,19.23,n,g,m,2,57,T03,T11,T07,stimuli/T03_ana.wav,stimuli/T11_aga.wav,stimuli/T07_ama.wav,b,n,v,4,81,T01,T11,T07,stimuli/T01_aba.wav,stimuli/T11_ana.wav,stimuli/T07_ava.wav
149,#B32649,#9C0162,#83002F,26.86,15.6,#5E7C37,#369A00,#479858,47.49,19.88,k,z,t,1,127,T12,T09,T02,stimuli/T12_aka.wav,stimuli/T09_aza.wav,stimuli/T02_ata.wav,s,eth,f,1,29,T02,T09,T05,stimuli/T02_asa.wav,stimuli/T09_aetha.wav,stimuli/T05_afa.wav
150,#5166B1,#00A5FF,#415888,40.66,16.77,#B968B9,#9254D9,#A6449C,31.37,13.11,s,eth,theta,1,84,T12,T08,T03,stimuli/T12_asa.wav,stimuli/T08_aetha.wav,stimuli/T03_athetaa.wav,k,g,p,1,190,T05,T04,T01,stimuli/T05_aka.wav,stimuli/T04_aga.wav,stimuli/T01_apa.wav
151,#007B5F,#001E00,#006556,49.95,10.99,#1E985E,#009E92,#2EB87E,33.65,12.01,z,sh,v,1,48,T08,T03,T04,stimuli/T08_aza.wav,stimuli/T03_asha.wav,stimuli/T04_ava.wav,n,zh,m,1,57,T09,T12,T01,stimuli/T09_ana.wav,stimuli/T12_azha.wav,stimuli/T01_ama.wav
152,#3C7CCB,#00629A,#3986ED,30.71,13.53,#B2872D,#92B672,#807C1E,39.91,19.55,n,g,d,2,5,T12,T06,T01,stimuli/T12_ana.wav,stimuli/T06_aga.wav,stimuli/T01_ada.wav,p,b,k,1,207,T08,T02,T10,stimuli/T08_apa.wav,stimuli/T02_aba.wav,stimuli/T10_aka.wav
153,#009998,#B2E8C3,#007673,44.67,13.33,#B0497F,#E12D5D,#CB4197,34.8,17.29,t,z,theta,1,9,T09,T01,T06,stimuli/T09_ata.wav,stimuli/T01_aza.wav,stimuli/T06_athetaa.wav,s,n,f,1,29,T08,T01,T06,stimuli/T08_asa.wav,stimuli/T01_ana.wav,stimuli/T06_afa.wav
154,#B9782D,#BFB015,#A47438,38.32,11.94,#0072AB,#00368E,#0094D3,42.34,13.2,z,s,eth,1,162,T07,T09,T10,stimuli/T07_aza.wav,stimuli/T09_asa.wav,stimuli/T10_aetha.wav,theta,n,f,1,260,T01,T04,T12,stimuli/T01_athetaa.wav,stimuli/T04_ana.wav,stimuli/T12_afa.wav
155,#A44884,#695B94,#77365E,30.2,17.36,#8959AD,#005097,#7664B5,34.1,10.1,n,b,z,3,7,T01,T12,T10,stimuli/T01_ana.wav,stimuli/T12_aba.wav,stimuli/T10_aza.wav,s,zh,f,2,29,T02,T11,T09,stimuli/T02_asa.wav,stimuli/T11_azha.wav,stimuli/T09_afa.wav
