sound,target,confused,count,sound_file,target_file,talker,voice_base,condition
p,k,0,207,T01_p3.wav,T01_k3.wav,T01,us1,confusable
p,k,0,207,T02_p3.wav,T02_k3.wav,T02,us1,confusable
p,k,0,207,T03_p3.wav,T03_k3.wav,T03,us1,confusable
p,k,0,207,T04_p3.wav,T04_k3.wav,T04,us1,confusable
p,k,0,207,T05_p3.wav,T05_k3.wav,T05,us1,confusable
p,k,0,207,T06_p3.wav,T06_k3.wav,T06,us1,confusable
p,k,0,207,T07_p3.wav,T07_k3.wav,T07,us2,confusable
p,k,0,207,T08_p3.wav,T08_k3.wav,T08,us2,confusable
p,k,0,207,T09_p3.wav,T09_k3.wav,T09,us2,confusable
p,k,0,207,T10_p3.wav,T10_k3.wav,T10,us3,confusable
p,k,0,207,T11_p3.wav,T11_k3.wav,T11,us3,confusable
p,k,0,207,T12_p3.wav,T12_k3.wav,T12,us3,confusable
p,t,0,91,T01_p3.wav,T01_t3.wav,T01,us1,confusable
p,t,0,91,T02_p3.wav,T02_t3.wav,T02,us1,confusable
p,t,0,91,T03_p3.wav,T03_t3.wav,T03,us1,confusable
p,t,0,91,T04_p3.wav,T04_t3.wav,T04,us1,confusable
p,t,0,91,T05_p3.wav,T05_t3.wav,T05,us1,confusable
p,t,0,91,T06_p3.wav,T06_t3.wav,T06,us1,confusable
p,t,0,91,T07_p3.wav,T07_t3.wav,T07,us2,confusable
p,t,0,91,T08_p3.wav,T08_t3.wav,T08,us2,confusable
p,t,0,91,T09_p3.wav,T09_t3.wav,T09,us2,confusable
p,t,0,91,T10_p3.wav,T10_t3.wav,T10,us3,confusable
p,t,0,91,T11_p3.wav,T11_t3.wav,T11,us3,confusable
p,t,0,91,T12_p3.wav,T12_t3.wav,T12,us3,confusable
p,theta,0,30,T01_p3.wav,T01_theta3.wav,T01,us1,confusable
p,theta,0,30,T02_p3.wav,T02_theta3.wav,T02,us1,confusable
p,theta,0,30,T03_p3.wav,T03_theta3.wav,T03,us1,confusable
p,theta,0,30,T04_p3.wav,T04_theta3.wav,T04,us1,confusable
p,theta,0,30,T05_p3.wav,T05_theta3.wav,T05,us1,confusable
p,theta,0,30,T06_p3.wav,T06_theta3.wav,T06,us1,confusable
p,theta,0,30,T07_p3.wav,T07_theta3.wav,T07,us2,confusable
p,theta,0,30,T08_p3.wav,T08_theta3.wav,T08,us2,confusable
p,theta,0,30,T09_p3.wav,T09_theta3.wav,T09,us2,confusable
p,theta,0,30,T10_p3.wav,T10_theta3.wav,T10,us3,confusable
p,theta,0,30,T11_p3.wav,T11_theta3.wav,T11,us3,confusable
p,theta,0,30,T12_p3.wav,T12_theta3.wav,T12,us3,confusable
p,b,1,1,T01_p3.wav,T01_b3.wav,T01,us1,distinct
p,b,1,1,T02_p3.wav,T02_b3.wav,T02,us1,distinct
p,b,1,1,T03_p3.wav,T03_b3.wav,T03,us1,distinct
p,b,1,1,T04_p3.wav,T04_b3.wav,T04,us1,distinct
p,b,1,1,T05_p3.wav,T05_b3.wav,T05,us1,distinct
p,b,1,1,T06_p3.wav,T06_b3.wav,T06,us1,distinct
p,b,1,1,T07_p3.wav,T07_b3.wav,T07,us2,distinct
p,b,1,1,T08_p3.wav,T08_b3.wav,T08,us2,distinct
p,b,1,1,T09_p3.wav,T09_b3.wav,T09,us2,distinct
p,b,1,1,T10_p3.wav,T10_b3.wav,T10,us3,distinct
p,b,1,1,T11_p3.wav,T11_b3.wav,T11,us3,distinct
p,b,1,1,T12_p3.wav,T12_b3.wav,T12,us3,distinct
p,d,1,1,T01_p3.wav,T01_d3.wav,T01,us1,distinct
p,d,1,1,T02_p3.wav,T02_d3.wav,T02,us1,distinct
p,d,1,1,T03_p3.wav,T03_d3.wav,T03,us1,distinct
p,d,1,1,T04_p3.wav,T04_d3.wav,T04,us1,distinct
p,d,1,1,T05_p3.wav,T05_d3.wav,T05,us1,distinct
p,d,1,1,T06_p3.wav,T06_d3.wav,T06,us1,distinct
p,d,1,1,T07_p3.wav,T07_d3.wav,T07,us2,distinct
p,d,1,1,T08_p3.wav,T08_d3.wav,T08,us2,distinct
p,d,1,1,T09_p3.wav,T09_d3.wav,T09,us2,distinct
p,d,1,1,T10_p3.wav,T10_d3.wav,T10,us3,distinct
p,d,1,1,T11_p3.wav,T11_d3.wav,T11,us3,distinct
p,d,1,1,T12_p3.wav,T12_d3.wav,T12,us3,distinct
p,v,1,1,T01_p3.wav,T01_v3.wav,T01,us1,distinct
p,v,1,1,T02_p3.wav,T02_v3.wav,T02,us1,distinct
p,v,1,1,T03_p3.wav,T03_v3.wav,T03,us1,distinct
p,v,1,1,T04_p3.wav,T04_v3.wav,T04,us1,distinct
p,v,1,1,T05_p3.wav,T05_v3.wav,T05,us1,distinct
p,v,1,1,T06_p3.wav,T06_v3.wav,T06,us1,distinct
p,v,1,1,T07_p3.wav,T07_v3.wav,T07,us2,distinct
p,v,1,1,T08_p3.wav,T08_v3.wav,T08,us2,distinct
p,v,1,1,T09_p3.wav,T09_v3.wav,T09,us2,distinct
p,v,1,1,T10_p3.wav,T10_v3.wav,T10,us3,distinct
p,v,1,1,T11_p3.wav,T11_v3.wav,T11,us3,distinct
p,v,1,1,T12_p3.wav,T12_v3.wav,T12,us3,distinct
t,p,0,109,T01_t3.wav,T01_p3.wav,T01,us1,confusable
t,p,0,109,T02_t3.wav,T02_p3.wav,T02,us1,confusable
t,p,0,109,T03_t3.wav,T03_p3.wav,T03,us1,confusable
t,p,0,109,T04_t3.wav,T04_p3.wav,T04,us1,confusable
t,p,0,109,T05_t3.wav,T05_p3.wav,T05,us1,confusable
t,p,0,109,T06_t3.wav,T06_p3.wav,T06,us1,confusable
t,p,0,109,T07_t3.wav,T07_p3.wav,T07,us2,confusable
t,p,0,109,T08_t3.wav,T08_p3.wav,T08,us2,confusable
t,p,0,109,T09_t3.wav,T09_p3.wav,T09,us2,confusable
t,p,0,109,T10_t3.wav,T10_p3.wav,T10,us3,confusable
t,p,0,109,T11_t3.wav,T11_p3.wav,T11,us3,confusable
t,p,0,109,T12_t3.wav,T12_p3.wav,T12,us3,confusable
t,k,0,97,T01_t3.wav,T01_k3.wav,T01,us1,confusable
t,k,0,97,T02_t3.wav,T02_k3.wav,T02,us1,confusable
t,k,0,97,T03_t3.wav,T03_k3.wav,T03,us1,confusable
t,k,0,97,T04_t3.wav,T04_k3.wav,T04,us1,confusable
t,k,0,97,T05_t3.wav,T05_k3.wav,T05,us1,confusable
t,k,0,97,T06_t3.wav,T06_k3.wav,T06,us1,confusable
t,k,0,97,T07_t3.wav,T07_k3.wav,T07,us2,confusable
t,k,0,97,T08_t3.wav,T08_k3.wav,T08,us2,confusable
t,k,0,97,T09_t3.wav,T09_k3.wav,T09,us2,confusable
t,k,0,97,T10_t3.wav,T10_k3.wav,T10,us3,confusable
t,k,0,97,T11_t3.wav,T11_k3.wav,T11,us3,confusable
t,k,0,97,T12_t3.wav,T12_k3.wav,T12,us3,confusable
t,theta,0,9,T01_t3.wav,T01_theta3.wav,T01,us1,confusable
t,theta,0,9,T02_t3.wav,T02_theta3.wav,T02,us1,confusable
t,theta,0,9,T03_t3.wav,T03_theta3.wav,T03,us1,confusable
t,theta,0,9,T04_t3.wav,T04_theta3.wav,T04,us1,confusable
t,theta,0,9,T05_t3.wav,T05_theta3.wav,T05,us1,confusable
t,theta,0,9,T06_t3.wav,T06_theta3.wav,T06,us1,confusable
t,theta,0,9,T07_t3.wav,T07_theta3.wav,T07,us2,confusable
t,theta,0,9,T08_t3.wav,T08_theta3.wav,T08,us2,confusable
t,theta,0,9,T09_t3.wav,T09_theta3.wav,T09,us2,confusable
t,theta,0,9,T10_t3.wav,T10_theta3.wav,T10,us3,confusable
t,theta,0,9,T11_t3.wav,T11_theta3.wav,T11,us3,confusable
t,theta,0,9,T12_t3.wav,T12_theta3.wav,T12,us3,confusable
t,g,1,1,T01_t3.wav,T01_g3.wav,T01,us1,distinct
t,g,1,1,T02_t3.wav,T02_g3.wav,T02,us1,distinct
t,g,1,1,T03_t3.wav,T03_g3.wav,T03,us1,distinct
t,g,1,1,T04_t3.wav,T04_g3.wav,T04,us1,distinct
t,g,1,1,T05_t3.wav,T05_g3.wav,T05,us1,distinct
t,g,1,1,T06_t3.wav,T06_g3.wav,T06,us1,distinct
t,g,1,1,T07_t3.wav,T07_g3.wav,T07,us2,distinct
t,g,1,1,T08_t3.wav,T08_g3.wav,T08,us2,distinct
t,g,1,1,T09_t3.wav,T09_g3.wav,T09,us2,distinct
t,g,1,1,T10_t3.wav,T10_g3.wav,T10,us3,distinct
t,g,1,1,T11_t3.wav,T11_g3.wav,T11,us3,distinct
t,g,1,1,T12_t3.wav,T12_g3.wav,T12,us3,distinct
t,eth,1,1,T01_t3.wav,T01_eth3.wav,T01,us1,distinct
t,eth,1,1,T02_t3.wav,T02_eth3.wav,T02,us1,distinct
t,eth,1,1,T03_t3.wav,T03_eth3.wav,T03,us1,distinct
t,eth,1,1,T04_t3.wav,T04_eth3.wav,T04,us1,distinct
t,eth,1,1,T05_t3.wav,T05_eth3.wav,T05,us1,distinct
t,eth,1,1,T06_t3.wav,T06_eth3.wav,T06,us1,distinct
t,eth,1,1,T07_t3.wav,T07_eth3.wav,T07,us2,distinct
t,eth,1,1,T08_t3.wav,T08_eth3.wav,T08,us2,distinct
t,eth,1,1,T09_t3.wav,T09_eth3.wav,T09,us2,distinct
t,eth,1,1,T10_t3.wav,T10_eth3.wav,T10,us3,distinct
t,eth,1,1,T11_t3.wav,T11_eth3.wav,T11,us3,distinct
t,eth,1,1,T12_t3.wav,T12_eth3.wav,T12,us3,distinct
t,z,1,1,T01_t3.wav,T01_z3.wav,T01,us1,distinct
t,z,1,1,T02_t3.wav,T02_z3.wav,T02,us1,distinct
t,z,1,1,T03_t3.wav,T03_z3.wav,T03,us1,distinct
t,z,1,1,T04_t3.wav,T04_z3.wav,T04,us1,distinct
t,z,1,1,T05_t3.wav,T05_z3.wav,T05,us1,distinct
t,z,1,1,T06_t3.wav,T06_z3.wav,T06,us1,distinct
t,z,1,1,T07_t3.wav,T07_z3.wav,T07,us2,distinct
t,z,1,1,T08_t3.wav,T08_z3.wav,T08,us2,distinct
t,z,1,1,T09_t3.wav,T09_z3.wav,T09,us2,distinct
t,z,1,1,T10_t3.wav,T10_z3.wav,T10,us3,distinct
t,z,1,1,T11_t3.wav,T11_z3.wav,T11,us3,distinct
t,z,1,1,T12_t3.wav,T12_z3.wav,T12,us3,distinct
k,p,0,190,T01_k3.wav,T01_p3.wav,T01,us1,confusable
k,p,0,190,T02_k3.wav,T02_p3.wav,T02,us1,confusable
k,p,0,190,T03_k3.wav,T03_p3.wav,T03,us1,confusable
k,p,0,190,T04_k3.wav,T04_p3.wav,T04,us1,confusable
k,p,0,190,T05_k3.wav,T05_p3.wav,T05,us1,confusable
k,p,0,190,T06_k3.wav,T06_p3.wav,T06,us1,confusable
k,p,0,190,T07_k3.wav,T07_p3.wav,T07,us2,confusable
k,p,0,190,T08_k3.wav,T08_p3.wav,T08,us2,confusable
k,p,0,190,T09_k3.wav,T09_p3.wav,T09,us2,confusable
k,p,0,190,T10_k3.wav,T10_p3.wav,T10,us3,confusable
k,p,0,190,T11_k3.wav,T11_p3.wav,T11,us3,confusable
k,p,0,190,T12_k3.wav,T12_p3.wav,T12,us3,confusable
k,t,0,127,T01_k3.wav,T01_t3.wav,T01,us1,confusable
k,t,0,127,T02_k3.wav,T02_t3.wav,T02,us1,confusable
k,t,0,127,T03_k3.wav,T03_t3.wav,T03,us1,confusable
k,t,0,127,T04_k3.wav,T04_t3.wav,T04,us1,confusable
k,t,0,127,T05_k3.wav,T05_t3.wav,T05,us1,confusable
k,t,0,127,T06_k3.wav,T06_t3.wav,T06,us1,confusable
k,t,0,127,T07_k3.wav,T07_t3.wav,T07,us2,confusable
k,t,0,127,T08_k3.wav,T08_t3.wav,T08,us2,confusable
k,t,0,127,T09_k3.wav,T09_t3.wav,T09,us2,confusable
k,t,0,127,T10_k3.wav,T10_t3.wav,T10,us3,confusable
k,t,0,127,T11_k3.wav,T11_t3.wav,T11,us3,confusable
k,t,0,127,T12_k3.wav,T12_t3.wav,T12,us3,confusable
k,f,0,17,T01_k3.wav,T01_f3.wav,T01,us1,confusable
k,f,0,17,T02_k3.wav,T02_f3.wav,T02,us1,confusable
k,f,0,17,T03_k3.wav,T03_f3.wav,T03,us1,confusable
k,f,0,17,T04_k3.wav,T04_f3.wav,T04,us1,confusable
k,f,0,17,T05_k3.wav,T05_f3.wav,T05,us1,confusable
k,f,0,17,T06_k3.wav,T06_f3.wav,T06,us1,confusable
k,f,0,17,T07_k3.wav,T07_f3.wav,T07,us2,confusable
k,f,0,17,T08_k3.wav,T08_f3.wav,T08,us2,confusable
k,f,0,17,T09_k3.wav,T09_f3.wav,T09,us2,confusable
k,f,0,17,T10_k3.wav,T10_f3.wav,T10,us3,confusable
k,f,0,17,T11_k3.wav,T11_f3.wav,T11,us3,confusable
k,f,0,17,T12_k3.wav,T12_f3.wav,T12,us3,confusable
k,n,1,3,T01_k3.wav,T01_n3.wav,T01,us1,distinct
k,n,1,3,T02_k3.wav,T02_n3.wav,T02,us1,distinct
k,n,1,3,T03_k3.wav,T03_n3.wav,T03,us1,distinct
k,n,1,3,T04_k3.wav,T04_n3.wav,T04,us1,distinct
k,n,1,3,T05_k3.wav,T05_n3.wav,T05,us1,distinct
k,n,1,3,T06_k3.wav,T06_n3.wav,T06,us1,distinct
k,n,1,3,T07_k3.wav,T07_n3.wav,T07,us2,distinct
k,n,1,3,T08_k3.wav,T08_n3.wav,T08,us2,distinct
k,n,1,3,T09_k3.wav,T09_n3.wav,T09,us2,distinct
k,n,1,3,T10_k3.wav,T10_n3.wav,T10,us3,distinct
k,n,1,3,T11_k3.wav,T11_n3.wav,T11,us3,distinct
k,n,1,3,T12_k3.wav,T12_n3.wav,T12,us3,distinct
k,g,1,1,T01_k3.wav,T01_g3.wav,T01,us1,distinct
k,g,1,1,T02_k3.wav,T02_g3.wav,T02,us1,distinct
k,g,1,1,T03_k3.wav,T03_g3.wav,T03,us1,distinct
k,g,1,1,T04_k3.wav,T04_g3.wav,T04,us1,distinct
k,g,1,1,T05_k3.wav,T05_g3.wav,T05,us1,distinct
k,g,1,1,T06_k3.wav,T06_g3.wav,T06,us1,distinct
k,g,1,1,T07_k3.wav,T07_g3.wav,T07,us2,distinct
k,g,1,1,T08_k3.wav,T08_g3.wav,T08,us2,distinct
k,g,1,1,T09_k3.wav,T09_g3.wav,T09,us2,distinct
k,g,1,1,T10_k3.wav,T10_g3.wav,T10,us3,distinct
k,g,1,1,T11_k3.wav,T11_g3.wav,T11,us3,distinct
k,g,1,1,T12_k3.wav,T12_g3.wav,T12,us3,distinct
k,z,1,1,T01_k3.wav,T01_z3.wav,T01,us1,distinct
k,z,1,1,T02_k3.wav,T02_z3.wav,T02,us1,distinct
k,z,1,1,T03_k3.wav,T03_z3.wav,T03,us1,distinct
k,z,1,1,T04_k3.wav,T04_z3.wav,T04,us1,distinct
k,z,1,1,T05_k3.wav,T05_z3.wav,T05,us1,distinct
k,z,1,1,T06_k3.wav,T06_z3.wav,T06,us1,distinct
k,z,1,1,T07_k3.wav,T07_z3.wav,T07,us2,distinct
k,z,1,1,T08_k3.wav,T08_z3.wav,T08,us2,distinct
k,z,1,1,T09_k3.wav,T09_z3.wav,T09,us2,distinct
k,z,1,1,T10_k3.wav,T10_z3.wav,T10,us3,distinct
k,z,1,1,T11_k3.wav,T11_z3.wav,T11,us3,distinct
k,z,1,1,T12_k3.wav,T12_z3.wav,T12,us3,distinct
f,theta,0,151,T01_f3.wav,T01_theta3.wav,T01,us1,confusable
f,theta,0,151,T02_f3.wav,T02_theta3.wav,T02,us1,confusable
f,theta,0,151,T03_f3.wav,T03_theta3.wav,T03,us1,confusable
f,theta,0,151,T04_f3.wav,T04_theta3.wav,T04,us1,confusable
f,theta,0,151,T05_f3.wav,T05_theta3.wav,T05,us1,confusable
f,theta,0,151,T06_f3.wav,T06_theta3.wav,T06,us1,confusable
f,theta,0,151,T07_f3.wav,T07_theta3.wav,T07,us2,confusable
f,theta,0,151,T08_f3.wav,T08_theta3.wav,T08,us2,confusable
f,theta,0,151,T09_f3.wav,T09_theta3.wav,T09,us2,confusable
f,theta,0,151,T10_f3.wav,T10_theta3.wav,T10,us3,confusable
f,theta,0,151,T11_f3.wav,T11_theta3.wav,T11,us3,confusable
f,theta,0,151,T12_f3.wav,T12_theta3.wav,T12,us3,confusable
f,p,0,27,T01_f3.wav,T01_p3.wav,T01,us1,confusable
f,p,0,27,T02_f3.wav,T02_p3.wav,T02,us1,confusable
f,p,0,27,T03_f3.wav,T03_p3.wav,T03,us1,confusable
f,p,0,27,T04_f3.wav,T04_p3.wav,T04,us1,confusable
f,p,0,27,T05_f3.wav,T05_p3.wav,T05,us1,confusable
f,p,0,27,T06_f3.wav,T06_p3.wav,T06,us1,confusable
f,p,0,27,T07_f3.wav,T07_p3.wav,T07,us2,confusable
f,p,0,27,T08_f3.wav,T08_p3.wav,T08,us2,confusable
f,p,0,27,T09_f3.wav,T09_p3.wav,T09,us2,confusable
f,p,0,27,T10_f3.wav,T10_p3.wav,T10,us3,confusable
f,p,0,27,T11_f3.wav,T11_p3.wav,T11,us3,confusable
f,p,0,27,T12_f3.wav,T12_p3.wav,T12,us3,confusable
f,s,0,18,T01_f3.wav,T01_s3.wav,T01,us1,confusable
f,s,0,18,T02_f3.wav,T02_s3.wav,T02,us1,confusable
f,s,0,18,T03_f3.wav,T03_s3.wav,T03,us1,confusable
f,s,0,18,T04_f3.wav,T04_s3.wav,T04,us1,confusable
f,s,0,18,T05_f3.wav,T05_s3.wav,T05,us1,confusable
f,s,0,18,T06_f3.wav,T06_s3.wav,T06,us1,confusable
f,s,0,18,T07_f3.wav,T07_s3.wav,T07,us2,confusable
f,s,0,18,T08_f3.wav,T08_s3.wav,T08,us2,confusable
f,s,0,18,T09_f3.wav,T09_s3.wav,T09,us2,confusable
f,s,0,18,T10_f3.wav,T10_s3.wav,T10,us3,confusable
f,s,0,18,T11_f3.wav,T11_s3.wav,T11,us3,confusable
f,s,0,18,T12_f3.wav,T12_s3.wav,T12,us3,confusable
f,sh,1,1,T01_f3.wav,T01_sh3.wav,T01,us1,distinct
f,sh,1,1,T02_f3.wav,T02_sh3.wav,T02,us1,distinct
f,sh,1,1,T03_f3.wav,T03_sh3.wav,T03,us1,distinct
f,sh,1,1,T04_f3.wav,T04_sh3.wav,T04,us1,distinct
f,sh,1,1,T05_f3.wav,T05_sh3.wav,T05,us1,distinct
f,sh,1,1,T06_f3.wav,T06_sh3.wav,T06,us1,distinct
f,sh,1,1,T07_f3.wav,T07_sh3.wav,T07,us2,distinct
f,sh,1,1,T08_f3.wav,T08_sh3.wav,T08,us2,distinct
f,sh,1,1,T09_f3.wav,T09_sh3.wav,T09,us2,distinct
f,sh,1,1,T10_f3.wav,T10_sh3.wav,T10,us3,distinct
f,sh,1,1,T11_f3.wav,T11_sh3.wav,T11,us3,distinct
f,sh,1,1,T12_f3.wav,T12_sh3.wav,T12,us3,distinct
f,g,1,1,T01_f3.wav,T01_g3.wav,T01,us1,distinct
f,g,1,1,T02_f3.wav,T02_g3.wav,T02,us1,distinct
f,g,1,1,T03_f3.wav,T03_g3.wav,T03,us1,distinct
f,g,1,1,T04_f3.wav,T04_g3.wav,T04,us1,distinct
f,g,1,1,T05_f3.wav,T05_g3.wav,T05,us1,distinct
f,g,1,1,T06_f3.wav,T06_g3.wav,T06,us1,distinct
f,g,1,1,T07_f3.wav,T07_g3.wav,T07,us2,distinct
f,g,1,1,T08_f3.wav,T08_g3.wav,T08,us2,distinct
f,g,1,1,T09_f3.wav,T09_g3.wav,T09,us2,distinct
f,g,1,1,T10_f3.wav,T10_g3.wav,T10,us3,distinct
f,g,1,1,T11_f3.wav,T11_g3.wav,T11,us3,distinct
f,g,1,1,T12_f3.wav,T12_g3.wav,T12,us3,distinct
f,n,1,1,T01_f3.wav,T01_n3.wav,T01,us1,distinct
f,n,1,1,T02_f3.wav,T02_n3.wav,T02,us1,distinct
f,n,1,1,T03_f3.wav,T03_n3.wav,T03,us1,distinct
f,n,1,1,T04_f3.wav,T04_n3.wav,T04,us1,distinct
f,n,1,1,T05_f3.wav,T05_n3.wav,T05,us1,distinct
f,n,1,1,T06_f3.wav,T06_n3.wav,T06,us1,distinct
f,n,1,1,T07_f3.wav,T07_n3.wav,T07,us2,distinct
f,n,1,1,T08_f3.wav,T08_n3.wav,T08,us2,distinct
f,n,1,1,T09_f3.wav,T09_n3.wav,T09,us2,distinct
f,n,1,1,T10_f3.wav,T10_n3.wav,T10,us3,distinct
f,n,1,1,T11_f3.wav,T11_n3.wav,T11,us3,distinct
f,n,1,1,T12_f3.wav,T12_n3.wav,T12,us3,distinct
theta,f,0,260,T01_theta3.wav,T01_f3.wav,T01,us1,confusable
theta,f,0,260,T02_theta3.wav,T02_f3.wav,T02,us1,confusable
theta,f,0,260,T03_theta3.wav,T03_f3.wav,T03,us1,confusable
theta,f,0,260,T04_theta3.wav,T04_f3.wav,T04,us1,confusable
theta,f,0,260,T05_theta3.wav,T05_f3.wav,T05,us1,confusable
theta,f,0,260,T06_theta3.wav,T06_f3.wav,T06,us1,confusable
theta,f,0,260,T07_theta3.wav,T07_f3.wav,T07,us2,confusable
theta,f,0,260,T08_theta3.wav,T08_f3.wav,T08,us2,confusable
theta,f,0,260,T09_theta3.wav,T09_f3.wav,T09,us2,confusable
theta,f,0,260,T10_theta3.wav,T10_f3.wav,T10,us3,confusable
theta,f,0,260,T11_theta3.wav,T11_f3.wav,T11,us3,confusable
theta,f,0,260,T12_theta3.wav,T12_f3.wav,T12,us3,confusable
theta,s,0,45,T01_theta3.wav,T01_s3.wav,T01,us1,confusable
theta,s,0,45,T02_theta3.wav,T02_s3.wav,T02,us1,confusable
theta,s,0,45,T03_theta3.wav,T03_s3.wav,T03,us1,confusable
theta,s,0,45,T04_theta3.wav,T04_s3.wav,T04,us1,confusable
theta,s,0,45,T05_theta3.wav,T05_s3.wav,T05,us1,confusable
theta,s,0,45,T06_theta3.wav,T06_s3.wav,T06,us1,confusable
theta,s,0,45,T07_theta3.wav,T07_s3.wav,T07,us2,confusable
theta,s,0,45,T08_theta3.wav,T08_s3.wav,T08,us2,confusable
theta,s,0,45,T09_theta3.wav,T09_s3.wav,T09,us2,confusable
theta,s,0,45,T10_theta3.wav,T10_s3.wav,T10,us3,confusable
theta,s,0,45,T11_theta3.wav,T11_s3.wav,T11,us3,confusable
theta,s,0,45,T12_theta3.wav,T12_s3.wav,T12,us3,confusable
theta,p,0,35,T01_theta3.wav,T01_p3.wav,T01,us1,confusable
theta,p,0,35,T02_theta3.wav,T02_p3.wav,T02,us1,confusable
theta,p,0,35,T03_theta3.wav,T03_p3.wav,T03,us1,confusable
theta,p,0,35,T04_theta3.wav,T04_p3.wav,T04,us1,confusable
theta,p,0,35,T05_theta3.wav,T05_p3.wav,T05,us1,confusable
theta,p,0,35,T06_theta3.wav,T06_p3.wav,T06,us1,confusable
theta,p,0,35,T07_theta3.wav,T07_p3.wav,T07,us2,confusable
theta,p,0,35,T08_theta3.wav,T08_p3.wav,T08,us2,confusable
theta,p,0,35,T09_theta3.wav,T09_p3.wav,T09,us2,confusable
theta,p,0,35,T10_theta3.wav,T10_p3.wav,T10,us3,confusable
theta,p,0,35,T11_theta3.wav,T11_p3.wav,T11,us3,confusable
theta,p,0,35,T12_theta3.wav,T12_p3.wav,T12,us3,confusable
theta,d,1,4,T01_theta3.wav,T01_d3.wav,T01,us1,distinct
theta,d,1,4,T02_theta3.wav,T02_d3.wav,T02,us1,distinct
theta,d,1,4,T03_theta3.wav,T03_d3.wav,T03,us1,distinct
theta,d,1,4,T04_theta3.wav,T04_d3.wav,T04,us1,distinct
theta,d,1,4,T05_theta3.wav,T05_d3.wav,T05,us1,distinct
theta,d,1,4,T06_theta3.wav,T06_d3.wav,T06,us1,distinct
theta,d,1,4,T07_theta3.wav,T07_d3.wav,T07,us2,distinct
theta,d,1,4,T08_theta3.wav,T08_d3.wav,T08,us2,distinct
theta,d,1,4,T09_theta3.wav,T09_d3.wav,T09,us2,distinct
theta,d,1,4,T10_theta3.wav,T10_d3.wav,T10,us3,distinct
theta,d,1,4,T11_theta3.wav,T11_d3.wav,T11,us3,distinct
theta,d,1,4,T12_theta3.wav,T12_d3.wav,T12,us3,distinct
theta,m,1,1,T01_theta3.wav,T01_m3.wav,T01,us1,distinct
theta,m,1,1,T02_theta3.wav,T02_m3.wav,T02,us1,distinct
theta,m,1,1,T03_theta3.wav,T03_m3.wav,T03,us1,distinct
theta,m,1,1,T04_theta3.wav,T04_m3.wav,T04,us1,distinct
theta,m,1,1,T05_theta3.wav,T05_m3.wav,T05,us1,distinct
theta,m,1,1,T06_theta3.wav,T06_m3.wav,T06,us1,distinct
theta,m,1,1,T07_theta3.wav,T07_m3.wav,T07,us2,distinct
theta,m,1,1,T08_theta3.wav,T08_m3.wav,T08,us2,distinct
theta,m,1,1,T09_theta3.wav,T09_m3.wav,T09,us2,distinct
theta,m,1,1,T10_theta3.wav,T10_m3.wav,T10,us3,distinct
theta,m,1,1,T11_theta3.wav,T11_m3.wav,T11,us3,distinct
theta,m,1,1,T12_theta3.wav,T12_m3.wav,T12,us3,distinct
theta,n,1,1,T01_theta3.wav,T01_n3.wav,T01,us1,distinct
theta,n,1,1,T02_theta3.wav,T02_n3.wav,T02,us1,distinct
theta,n,1,1,T03_theta3.wav,T03_n3.wav,T03,us1,distinct
theta,n,1,1,T04_theta3.wav,T04_n3.wav,T04,us1,distinct
theta,n,1,1,T05_theta3.wav,T05_n3.wav,T05,us1,distinct
theta,n,1,1,T06_theta3.wav,T06_n3.wav,T06,us1,distinct
theta,n,1,1,T07_theta3.wav,T07_n3.wav,T07,us2,distinct
theta,n,1,1,T08_theta3.wav,T08_n3.wav,T08,us2,distinct
theta,n,1,1,T09_theta3.wav,T09_n3.wav,T09,us2,distinct
theta,n,1,1,T10_theta3.wav,T10_n3.wav,T10,us3,distinct
theta,n,1,1,T11_theta3.wav,T11_n3.wav,T11,us3,distinct
theta,n,1,1,T12_theta3.wav,T12_n3.wav,T12,us3,distinct
s,theta,0,84,T01_s3.wav,T01_theta3.wav,T01,us1,confusable
s,theta,0,84,T02_s3.wav,T02_theta3.wav,T02,us1,confusable
s,theta,0,84,T03_s3.wav,T03_theta3.wav,T03,us1,confusable
s,theta,0,84,T04_s3.wav,T04_theta3.wav,T04,us1,confusable
s,theta,0,84,T05_s3.wav,T05_theta3.wav,T05,us1,confusable
s,theta,0,84,T06_s3.wav,T06_theta3.wav,T06,us1,confusable
s,theta,0,84,T07_s3.wav,T07_theta3.wav,T07,us2,confusable
s,theta,0,84,T08_s3.wav,T08_theta3.wav,T08,us2,confusable
s,theta,0,84,T09_s3.wav,T09_theta3.wav,T09,us2,confusable
s,theta,0,84,T10_s3.wav,T10_theta3.wav,T10,us3,confusable
s,theta,0,84,T11_s3.wav,T11_theta3.wav,T11,us3,confusable
s,theta,0,84,T12_s3.wav,T12_theta3.wav,T12,us3,confusable
s,sh,0,57,T01_s3.wav,T01_sh3.wav,T01,us1,confusable
s,sh,0,57,T02_s3.wav,T02_sh3.wav,T02,us1,confusable
s,sh,0,57,T03_s3.wav,T03_sh3.wav,T03,us1,confusable
s,sh,0,57,T04_s3.wav,T04_sh3.wav,T04,us1,confusable
s,sh,0,57,T05_s3.wav,T05_sh3.wav,T05,us1,confusable
s,sh,0,57,T06_s3.wav,T06_sh3.wav,T06,us1,confusable
s,sh,0,57,T07_s3.wav,T07_sh3.wav,T07,us2,confusable
s,sh,0,57,T08_s3.wav,T08_sh3.wav,T08,us2,confusable
s,sh,0,57,T09_s3.wav,T09_sh3.wav,T09,us2,confusable
s,sh,0,57,T10_s3.wav,T10_sh3.wav,T10,us3,confusable
s,sh,0,57,T11_s3.wav,T11_sh3.wav,T11,us3,confusable
s,sh,0,57,T12_s3.wav,T12_sh3.wav,T12,us3,confusable
s,f,0,29,T01_s3.wav,T01_f3.wav,T01,us1,confusable
s,f,0,29,T02_s3.wav,T02_f3.wav,T02,us1,confusable
s,f,0,29,T03_s3.wav,T03_f3.wav,T03,us1,confusable
s,f,0,29,T04_s3.wav,T04_f3.wav,T04,us1,confusable
s,f,0,29,T05_s3.wav,T05_f3.wav,T05,us1,confusable
s,f,0,29,T06_s3.wav,T06_f3.wav,T06,us1,confusable
s,f,0,29,T07_s3.wav,T07_f3.wav,T07,us2,confusable
s,f,0,29,T08_s3.wav,T08_f3.wav,T08,us2,confusable
s,f,0,29,T09_s3.wav,T09_f3.wav,T09,us2,confusable
s,f,0,29,T10_s3.wav,T10_f3.wav,T10,us3,confusable
s,f,0,29,T11_s3.wav,T11_f3.wav,T11,us3,confusable
s,f,0,29,T12_s3.wav,T12_f3.wav,T12,us3,confusable
s,zh,1,2,T01_s3.wav,T01_zh3.wav,T01,us1,distinct
s,zh,1,2,T02_s3.wav,T02_zh3.wav,T02,us1,distinct
s,zh,1,2,T03_s3.wav,T03_zh3.wav,T03,us1,distinct
s,zh,1,2,T04_s3.wav,T04_zh3.wav,T04,us1,distinct
s,zh,1,2,T05_s3.wav,T05_zh3.wav,T05,us1,distinct
s,zh,1,2,T06_s3.wav,T06_zh3.wav,T06,us1,distinct
s,zh,1,2,T07_s3.wav,T07_zh3.wav,T07,us2,distinct
s,zh,1,2,T08_s3.wav,T08_zh3.wav,T08,us2,distinct
s,zh,1,2,T09_s3.wav,T09_zh3.wav,T09,us2,distinct
s,zh,1,2,T10_s3.wav,T10_zh3.wav,T10,us3,distinct
s,zh,1,2,T11_s3.wav,T11_zh3.wav,T11,us3,distinct
s,zh,1,2,T12_s3.wav,T12_zh3.wav,T12,us3,distinct
s,eth,1,1,T01_s3.wav,T01_eth3.wav,T01,us1,distinct
s,eth,1,1,T02_s3.wav,T02_eth3.wav,T02,us1,distinct
s,eth,1,1,T03_s3.wav,T03_eth3.wav,T03,us1,distinct
s,eth,1,1,T04_s3.wav,T04_eth3.wav,T04,us1,distinct
s,eth,1,1,T05_s3.wav,T05_eth3.wav,T05,us1,distinct
s,eth,1,1,T06_s3.wav,T06_eth3.wav,T06,us1,distinct
s,eth,1,1,T07_s3.wav,T07_eth3.wav,T07,us2,distinct
s,eth,1,1,T08_s3.wav,T08_eth3.wav,T08,us2,distinct
s,eth,1,1,T09_s3.wav,T09_eth3.wav,T09,us2,distinct
s,eth,1,1,T10_s3.wav,T10_eth3.wav,T10,us3,distinct
s,eth,1,1,T11_s3.wav,T11_eth3.wav,T11,us3,distinct
s,eth,1,1,T12_s3.wav,T12_eth3.wav,T12,us3,distinct
s,n,1,1,T01_s3.wav,T01_n3.wav,T01,us1,distinct
s,n,1,1,T02_s3.wav,T02_n3.wav,T02,us1,distinct
s,n,1,1,T03_s3.wav,T03_n3.wav,T03,us1,distinct
s,n,1,1,T04_s3.wav,T04_n3.wav,T04,us1,distinct
s,n,1,1,T05_s3.wav,T05_n3.wav,T05,us1,distinct
s,n,1,1,T06_s3.wav,T06_n3.wav,T06,us1,distinct
s,n,1,1,T07_s3.wav,T07_n3.wav,T07,us2,distinct
s,n,1,1,T08_s3.wav,T08_n3.wav,T08,us2,distinct
s,n,1,1,T09_s3.wav,T09_n3.wav,T09,us2,distinct
s,n,1,1,T10_s3.wav,T10_n3.wav,T10,us3,distinct
s,n,1,1,T11_s3.wav,T11_n3.wav,T11,us3,distinct
s,n,1,1,T12_s3.wav,T12_n3.wav,T12,us3,distinct
sh,s,0,56,T01_sh3.wav,T01_s3.wav,T01,us1,confusable
sh,s,0,56,T02_sh3.wav,T02_s3.wav,T02,us1,confusable
sh,s,0,56,T03_sh3.wav,T03_s3.wav,T03,us1,confusable
sh,s,0,56,T04_sh3.wav,T04_s3.wav,T04,us1,confusable
sh,s,0,56,T05_sh3.wav,T05_s3.wav,T05,us1,confusable
sh,s,0,56,T06_sh3.wav,T06_s3.wav,T06,us1,confusable
sh,s,0,56,T07_sh3.wav,T07_s3.wav,T07,us2,confusable
sh,s,0,56,T08_sh3.wav,T08_s3.wav,T08,us2,confusable
sh,s,0,56,T09_sh3.wav,T09_s3.wav,T09,us2,confusable
sh,s,0,56,T10_sh3.wav,T10_s3.wav,T10,us3,confusable
sh,s,0,56,T11_sh3.wav,T11_s3.wav,T11,us3,confusable
sh,s,0,56,T12_sh3.wav,T12_s3.wav,T12,us3,confusable
sh,theta,0,9,T01_sh3.wav,T01_theta3.wav,T01,us1,confusable
sh,theta,0,9,T02_sh3.wav,T02_theta3.wav,T02,us1,confusable
sh,theta,0,9,T03_sh3.wav,T03_theta3.wav,T03,us1,confusable
sh,theta,0,9,T04_sh3.wav,T04_theta3.wav,T04,us1,confusable
sh,theta,0,9,T05_sh3.wav,T05_theta3.wav,T05,us1,confusable
sh,theta,0,9,T06_sh3.wav,T06_theta3.wav,T06,us1,confusable
sh,theta,0,9,T07_sh3.wav,T07_theta3.wav,T07,us2,confusable
sh,theta,0,9,T08_sh3.wav,T08_theta3.wav,T08,us2,confusable
sh,theta,0,9,T09_sh3.wav,T09_theta3.wav,T09,us2,confusable
sh,theta,0,9,T10_sh3.wav,T10_theta3.wav,T10,us3,confusable
sh,theta,0,9,T11_sh3.wav,T11_theta3.wav,T11,us3,confusable
sh,theta,0,9,T12_sh3.wav,T12_theta3.wav,T12,us3,confusable
sh,t,0,7,T01_sh3.wav,T01_t3.wav,T01,us1,confusable
sh,t,0,7,T02_sh3.wav,T02_t3.wav,T02,us1,confusable
sh,t,0,7,T03_sh3.wav,T03_t3.wav,T03,us1,confusable
sh,t,0,7,T04_sh3.wav,T04_t3.wav,T04,us1,confusable
sh,t,0,7,T05_sh3.wav,T05_t3.wav,T05,us1,confusable
sh,t,0,7,T06_sh3.wav,T06_t3.wav,T06,us1,confusable
sh,t,0,7,T07_sh3.wav,T07_t3.wav,T07,us2,confusable
sh,t,0,7,T08_sh3.wav,T08_t3.wav,T08,us2,confusable
sh,t,0,7,T09_sh3.wav,T09_t3.wav,T09,us2,confusable
sh,t,0,7,T10_sh3.wav,T10_t3.wav,T10,us3,confusable
sh,t,0,7,T11_sh3.wav,T11_t3.wav,T11,us3,confusable
sh,t,0,7,T12_sh3.wav,T12_t3.wav,T12,us3,confusable
sh,f,1,4,T01_sh3.wav,T01_f3.wav,T01,us1,distinct
sh,f,1,4,T02_sh3.wav,T02_f3.wav,T02,us1,distinct
sh,f,1,4,T03_sh3.wav,T03_f3.wav,T03,us1,distinct
sh,f,1,4,T04_sh3.wav,T04_f3.wav,T04,us1,distinct
sh,f,1,4,T05_sh3.wav,T05_f3.wav,T05,us1,distinct
sh,f,1,4,T06_sh3.wav,T06_f3.wav,T06,us1,distinct
sh,f,1,4,T07_sh3.wav,T07_f3.wav,T07,us2,distinct
sh,f,1,4,T08_sh3.wav,T08_f3.wav,T08,us2,distinct
sh,f,1,4,T09_sh3.wav,T09_f3.wav,T09,us2,distinct
sh,f,1,4,T10_sh3.wav,T10_f3.wav,T10,us3,distinct
sh,f,1,4,T11_sh3.wav,T11_f3.wav,T11,us3,distinct
sh,f,1,4,T12_sh3.wav,T12_f3.wav,T12,us3,distinct
sh,p,1,1,T01_sh3.wav,T01_p3.wav,T01,us1,distinct
sh,p,1,1,T02_sh3.wav,T02_p3.wav,T02,us1,distinct
sh,p,1,1,T03_sh3.wav,T03_p3.wav,T03,us1,distinct
sh,p,1,1,T04_sh3.wav,T04_p3.wav,T04,us1,distinct
sh,p,1,1,T05_sh3.wav,T05_p3.wav,T05,us1,distinct
sh,p,1,1,T06_sh3.wav,T06_p3.wav,T06,us1,distinct
sh,p,1,1,T07_sh3.wav,T07_p3.wav,T07,us2,distinct
sh,p,1,1,T08_sh3.wav,T08_p3.wav,T08,us2,distinct
sh,p,1,1,T09_sh3.wav,T09_p3.wav,T09,us2,distinct
sh,p,1,1,T10_sh3.wav,T10_p3.wav,T10,us3,distinct
sh,p,1,1,T11_sh3.wav,T11_p3.wav,T11,us3,distinct
sh,p,1,1,T12_sh3.wav,T12_p3.wav,T12,us3,distinct
sh,m,1,1,T01_sh3.wav,T01_m3.wav,T01,us1,distinct
sh,m,1,1,T02_sh3.wav,T02_m3.wav,T02,us1,distinct
sh,m,1,1,T03_sh3.wav,T03_m3.wav,T03,us1,distinct
sh,m,1,1,T04_sh3.wav,T04_m3.wav,T04,us1,distinct
sh,m,1,1,T05_sh3.wav,T05_m3.wav,T05,us1,distinct
sh,m,1,1,T06_sh3.wav,T06_m3.wav,T06,us1,distinct
sh,m,1,1,T07_sh3.wav,T07_m3.wav,T07,us2,distinct
sh,m,1,1,T08_sh3.wav,T08_m3.wav,T08,us2,distinct
sh,m,1,1,T09_sh3.wav,T09_m3.wav,T09,us2,distinct
sh,m,1,1,T10_sh3.wav,T10_m3.wav,T10,us3,distinct
sh,m,1,1,T11_sh3.wav,T11_m3.wav,T11,us3,distinct
sh,m,1,1,T12_sh3.wav,T12_m3.wav,T12,us3,distinct
b,v,0,81,T01_b3.wav,T01_v3.wav,T01,us1,confusable
b,v,0,81,T02_b3.wav,T02_v3.wav,T02,us1,confusable
b,v,0,81,T03_b3.wav,T03_v3.wav,T03,us1,confusable
b,v,0,81,T04_b3.wav,T04_v3.wav,T04,us1,confusable
b,v,0,81,T05_b3.wav,T05_v3.wav,T05,us1,confusable
b,v,0,81,T06_b3.wav,T06_v3.wav,T06,us1,confusable
b,v,0,81,T07_b3.wav,T07_v3.wav,T07,us2,confusable
b,v,0,81,T08_b3.wav,T08_v3.wav,T08,us2,confusable
b,v,0,81,T09_b3.wav,T09_v3.wav,T09,us2,confusable
b,v,0,81,T10_b3.wav,T10_v3.wav,T10,us3,confusable
b,v,0,81,T11_b3.wav,T11_v3.wav,T11,us3,confusable
b,v,0,81,T12_b3.wav,T12_v3.wav,T12,us3,confusable
b,eth,0,74,T01_b3.wav,T01_eth3.wav,T01,us1,confusable
b,eth,0,74,T02_b3.wav,T02_eth3.wav,T02,us1,confusable
b,eth,0,74,T03_b3.wav,T03_eth3.wav,T03,us1,confusable
b,eth,0,74,T04_b3.wav,T04_eth3.wav,T04,us1,confusable
b,eth,0,74,T05_b3.wav,T05_eth3.wav,T05,us1,confusable
b,eth,0,74,T06_b3.wav,T06_eth3.wav,T06,us1,confusable
b,eth,0,74,T07_b3.wav,T07_eth3.wav,T07,us2,confusable
b,eth,0,74,T08_b3.wav,T08_eth3.wav,T08,us2,confusable
b,eth,0,74,T09_b3.wav,T09_eth3.wav,T09,us2,confusable
b,eth,0,74,T10_b3.wav,T10_eth3.wav,T10,us3,confusable
b,eth,0,74,T11_b3.wav,T11_eth3.wav,T11,us3,confusable
b,eth,0,74,T12_b3.wav,T12_eth3.wav,T12,us3,confusable
b,z,0,19,T01_b3.wav,T01_z3.wav,T01,us1,confusable
b,z,0,19,T02_b3.wav,T02_z3.wav,T02,us1,confusable
b,z,0,19,T03_b3.wav,T03_z3.wav,T03,us1,confusable
b,z,0,19,T04_b3.wav,T04_z3.wav,T04,us1,confusable
b,z,0,19,T05_b3.wav,T05_z3.wav,T05,us1,confusable
b,z,0,19,T06_b3.wav,T06_z3.wav,T06,us1,confusable
b,z,0,19,T07_b3.wav,T07_z3.wav,T07,us2,confusable
b,z,0,19,T08_b3.wav,T08_z3.wav,T08,us2,confusable
b,z,0,19,T09_b3.wav,T09_z3.wav,T09,us2,confusable
b,z,0,19,T10_b3.wav,T10_z3.wav,T10,us3,confusable
b,z,0,19,T11_b3.wav,T11_z3.wav,T11,us3,confusable
b,z,0,19,T12_b3.wav,T12_z3.wav,T12,us3,confusable
b,n,1,4,T01_b3.wav,T01_n3.wav,T01,us1,distinct
b,n,1,4,T02_b3.wav,T02_n3.wav,T02,us1,distinct
b,n,1,4,T03_b3.wav,T03_n3.wav,T03,us1,distinct
b,n,1,4,T04_b3.wav,T04_n3.wav,T04,us1,distinct
b,n,1,4,T05_b3.wav,T05_n3.wav,T05,us1,distinct
b,n,1,4,T06_b3.wav,T06_n3.wav,T06,us1,distinct
b,n,1,4,T07_b3.wav,T07_n3.wav,T07,us2,distinct
b,n,1,4,T08_b3.wav,T08_n3.wav,T08,us2,distinct
b,n,1,4,T09_b3.wav,T09_n3.wav,T09,us2,distinct
b,n,1,4,T10_b3.wav,T10_n3.wav,T10,us3,distinct
b,n,1,4,T11_b3.wav,T11_n3.wav,T11,us3,distinct
b,n,1,4,T12_b3.wav,T12_n3.wav,T12,us3,distinct
b,zh,1,3,T01_b3.wav,T01_zh3.wav,T01,us1,distinct
b,zh,1,3,T02_b3.wav,T02_zh3.wav,T02,us1,distinct
b,zh,1,3,T03_b3.wav,T03_zh3.wav,T03,us1,distinct
b,zh,1,3,T04_b3.wav,T04_zh3.wav,T04,us1,distinct
b,zh,1,3,T05_b3.wav,T05_zh3.wav,T05,us1,distinct
b,zh,1,3,T06_b3.wav,T06_zh3.wav,T06,us1,distinct
b,zh,1,3,T07_b3.wav,T07_zh3.wav,T07,us2,distinct
b,zh,1,3,T08_b3.wav,T08_zh3.wav,T08,us2,distinct
b,zh,1,3,T09_b3.wav,T09_zh3.wav,T09,us2,distinct
b,zh,1,3,T10_b3.wav,T10_zh3.wav,T10,us3,distinct
b,zh,1,3,T11_b3.wav,T11_zh3.wav,T11,us3,distinct
b,zh,1,3,T12_b3.wav,T12_zh3.wav,T12,us3,distinct
b,p,1,1,T01_b3.wav,T01_p3.wav,T01,us1,distinct
b,p,1,1,T02_b3.wav,T02_p3.wav,T02,us1,distinct
b,p,1,1,T03_b3.wav,T03_p3.wav,T03,us1,distinct
b,p,1,1,T04_b3.wav,T04_p3.wav,T04,us1,distinct
b,p,1,1,T05_b3.wav,T05_p3.wav,T05,us1,distinct
b,p,1,1,T06_b3.wav,T06_p3.wav,T06,us1,distinct
b,p,1,1,T07_b3.wav,T07_p3.wav,T07,us2,distinct
b,p,1,1,T08_b3.wav,T08_p3.wav,T08,us2,distinct
b,p,1,1,T09_b3.wav,T09_p3.wav,T09,us2,distinct
b,p,1,1,T10_b3.wav,T10_p3.wav,T10,us3,distinct
b,p,1,1,T11_b3.wav,T11_p3.wav,T11,us3,distinct
b,p,1,1,T12_b3.wav,T12_p3.wav,T12,us3,distinct
d,g,0,107,T01_d3.wav,T01_g3.wav,T01,us1,confusable
d,g,0,107,T02_d3.wav,T02_g3.wav,T02,us1,confusable
d,g,0,107,T03_d3.wav,T03_g3.wav,T03,us1,confusable
d,g,0,107,T04_d3.wav,T04_g3.wav,T04,us1,confusable
d,g,0,107,T05_d3.wav,T05_g3.wav,T05,us1,confusable
d,g,0,107,T06_d3.wav,T06_g3.wav,T06,us1,confusable
d,g,0,107,T07_d3.wav,T07_g3.wav,T07,us2,confusable
d,g,0,107,T08_d3.wav,T08_g3.wav,T08,us2,confusable
d,g,0,107,T09_d3.wav,T09_g3.wav,T09,us2,confusable
d,g,0,107,T10_d3.wav,T10_g3.wav,T10,us3,confusable
d,g,0,107,T11_d3.wav,T11_g3.wav,T11,us3,confusable
d,g,0,107,T12_d3.wav,T12_g3.wav,T12,us3,confusable
d,zh,0,39,T01_d3.wav,T01_zh3.wav,T01,us1,confusable
d,zh,0,39,T02_d3.wav,T02_zh3.wav,T02,us1,confusable
d,zh,0,39,T03_d3.wav,T03_zh3.wav,T03,us1,confusable
d,zh,0,39,T04_d3.wav,T04_zh3.wav,T04,us1,confusable
d,zh,0,39,T05_d3.wav,T05_zh3.wav,T05,us1,confusable
d,zh,0,39,T06_d3.wav,T06_zh3.wav,T06,us1,confusable
d,zh,0,39,T07_d3.wav,T07_zh3.wav,T07,us2,confusable
d,zh,0,39,T08_d3.wav,T08_zh3.wav,T08,us2,confusable
d,zh,0,39,T09_d3.wav,T09_zh3.wav,T09,us2,confusable
d,zh,0,39,T10_d3.wav,T10_zh3.wav,T10,us3,confusable
d,zh,0,39,T11_d3.wav,T11_zh3.wav,T11,us3,confusable
d,zh,0,39,T12_d3.wav,T12_zh3.wav,T12,us3,confusable
d,eth,0,33,T01_d3.wav,T01_eth3.wav,T01,us1,confusable
d,eth,0,33,T02_d3.wav,T02_eth3.wav,T02,us1,confusable
d,eth,0,33,T03_d3.wav,T03_eth3.wav,T03,us1,confusable
d,eth,0,33,T04_d3.wav,T04_eth3.wav,T04,us1,confusable
d,eth,0,33,T05_d3.wav,T05_eth3.wav,T05,us1,confusable
d,eth,0,33,T06_d3.wav,T06_eth3.wav,T06,us1,confusable
d,eth,0,33,T07_d3.wav,T07_eth3.wav,T07,us2,confusable
d,eth,0,33,T08_d3.wav,T08_eth3.wav,T08,us2,confusable
d,eth,0,33,T09_d3.wav,T09_eth3.wav,T09,us2,confusable
d,eth,0,33,T10_d3.wav,T10_eth3.wav,T10,us3,confusable
d,eth,0,33,T11_d3.wav,T11_eth3.wav,T11,us3,confusable
d,eth,0,33,T12_d3.wav,T12_eth3.wav,T12,us3,confusable
d,b,1,12,T01_d3.wav,T01_b3.wav,T01,us1,distinct
d,b,1,12,T02_d3.wav,T02_b3.wav,T02,us1,distinct
d,b,1,12,T03_d3.wav,T03_b3.wav,T03,us1,distinct
d,b,1,12,T04_d3.wav,T04_b3.wav,T04,us1,distinct
d,b,1,12,T05_d3.wav,T05_b3.wav,T05,us1,distinct
d,b,1,12,T06_d3.wav,T06_b3.wav,T06,us1,distinct
d,b,1,12,T07_d3.wav,T07_b3.wav,T07,us2,distinct
d,b,1,12,T08_d3.wav,T08_b3.wav,T08,us2,distinct
d,b,1,12,T09_d3.wav,T09_b3.wav,T09,us2,distinct
d,b,1,12,T10_d3.wav,T10_b3.wav,T10,us3,distinct
d,b,1,12,T11_d3.wav,T11_b3.wav,T11,us3,distinct
d,b,1,12,T12_d3.wav,T12_b3.wav,T12,us3,distinct
d,theta,1,3,T01_d3.wav,T01_theta3.wav,T01,us1,distinct
d,theta,1,3,T02_d3.wav,T02_theta3.wav,T02,us1,distinct
d,theta,1,3,T03_d3.wav,T03_theta3.wav,T03,us1,distinct
d,theta,1,3,T04_d3.wav,T04_theta3.wav,T04,us1,distinct
d,theta,1,3,T05_d3.wav,T05_theta3.wav,T05,us1,distinct
d,theta,1,3,T06_d3.wav,T06_theta3.wav,T06,us1,distinct
d,theta,1,3,T07_d3.wav,T07_theta3.wav,T07,us2,distinct
d,theta,1,3,T08_d3.wav,T08_theta3.wav,T08,us2,distinct
d,theta,1,3,T09_d3.wav,T09_theta3.wav,T09,us2,distinct
d,theta,1,3,T10_d3.wav,T10_theta3.wav,T10,us3,distinct
d,theta,1,3,T11_d3.wav,T11_theta3.wav,T11,us3,distinct
d,theta,1,3,T12_d3.wav,T12_theta3.wav,T12,us3,distinct
d,n,1,3,T01_d3.wav,T01_n3.wav,T01,us1,distinct
d,n,1,3,T02_d3.wav,T02_n3.wav,T02,us1,distinct
d,n,1,3,T03_d3.wav,T03_n3.wav,T03,us1,distinct
d,n,1,3,T04_d3.wav,T04_n3.wav,T04,us1,distinct
d,n,1,3,T05_d3.wav,T05_n3.wav,T05,us1,distinct
d,n,1,3,T06_d3.wav,T06_n3.wav,T06,us1,distinct
d,n,1,3,T07_d3.wav,T07_n3.wav,T07,us2,distinct
d,n,1,3,T08_d3.wav,T08_n3.wav,T08,us2,distinct
d,n,1,3,T09_d3.wav,T09_n3.wav,T09,us2,distinct
d,n,1,3,T10_d3.wav,T10_n3.wav,T10,us3,distinct
d,n,1,3,T11_d3.wav,T11_n3.wav,T11,us3,distinct
d,n,1,3,T12_d3.wav,T12_n3.wav,T12,us3,distinct
g,v,0,197,T01_g3.wav,T01_v3.wav,T01,us1,confusable
g,v,0,197,T02_g3.wav,T02_v3.wav,T02,us1,confusable
g,v,0,197,T03_g3.wav,T03_v3.wav,T03,us1,confusable
g,v,0,197,T04_g3.wav,T04_v3.wav,T04,us1,confusable
g,v,0,197,T05_g3.wav,T05_v3.wav,T05,us1,confusable
g,v,0,197,T06_g3.wav,T06_v3.wav,T06,us1,confusable
g,v,0,197,T07_g3.wav,T07_v3.wav,T07,us2,confusable
g,v,0,197,T08_g3.wav,T08_v3.wav,T08,us2,confusable
g,v,0,197,T09_g3.wav,T09_v3.wav,T09,us2,confusable
g,v,0,197,T10_g3.wav,T10_v3.wav,T10,us3,confusable
g,v,0,197,T11_g3.wav,T11_v3.wav,T11,us3,confusable
g,v,0,197,T12_g3.wav,T12_v3.wav,T12,us3,confusable
g,d,0,148,T01_g3.wav,T01_d3.wav,T01,us1,confusable
g,d,0,148,T02_g3.wav,T02_d3.wav,T02,us1,confusable
g,d,0,148,T03_g3.wav,T03_d3.wav,T03,us1,confusable
g,d,0,148,T04_g3.wav,T04_d3.wav,T04,us1,confusable
g,d,0,148,T05_g3.wav,T05_d3.wav,T05,us1,confusable
g,d,0,148,T06_g3.wav,T06_d3.wav,T06,us1,confusable
g,d,0,148,T07_g3.wav,T07_d3.wav,T07,us2,confusable
g,d,0,148,T08_g3.wav,T08_d3.wav,T08,us2,confusable
g,d,0,148,T09_g3.wav,T09_d3.wav,T09,us2,confusable
g,d,0,148,T10_g3.wav,T10_d3.wav,T10,us3,confusable
g,d,0,148,T11_g3.wav,T11_d3.wav,T11,us3,confusable
g,d,0,148,T12_g3.wav,T12_d3.wav,T12,us3,confusable
g,zh,0,83,T01_g3.wav,T01_zh3.wav,T01,us1,confusable
g,zh,0,83,T02_g3.wav,T02_zh3.wav,T02,us1,confusable
g,zh,0,83,T03_g3.wav,T03_zh3.wav,T03,us1,confusable
g,zh,0,83,T04_g3.wav,T04_zh3.wav,T04,us1,confusable
g,zh,0,83,T05_g3.wav,T05_zh3.wav,T05,us1,confusable
g,zh,0,83,T06_g3.wav,T06_zh3.wav,T06,us1,confusable
g,zh,0,83,T07_g3.wav,T07_zh3.wav,T07,us2,confusable
g,zh,0,83,T08_g3.wav,T08_zh3.wav,T08,us2,confusable
g,zh,0,83,T09_g3.wav,T09_zh3.wav,T09,us2,confusable
g,zh,0,83,T10_g3.wav,T10_zh3.wav,T10,us3,confusable
g,zh,0,83,T11_g3.wav,T11_zh3.wav,T11,us3,confusable
g,zh,0,83,T12_g3.wav,T12_zh3.wav,T12,us3,confusable
g,s,1,2,T01_g3.wav,T01_s3.wav,T01,us1,distinct
g,s,1,2,T02_g3.wav,T02_s3.wav,T02,us1,distinct
g,s,1,2,T03_g3.wav,T03_s3.wav,T03,us1,distinct
g,s,1,2,T04_g3.wav,T04_s3.wav,T04,us1,distinct
g,s,1,2,T05_g3.wav,T05_s3.wav,T05,us1,distinct
g,s,1,2,T06_g3.wav,T06_s3.wav,T06,us1,distinct
g,s,1,2,T07_g3.wav,T07_s3.wav,T07,us2,distinct
g,s,1,2,T08_g3.wav,T08_s3.wav,T08,us2,distinct
g,s,1,2,T09_g3.wav,T09_s3.wav,T09,us2,distinct
g,s,1,2,T10_g3.wav,T10_s3.wav,T10,us3,distinct
g,s,1,2,T11_g3.wav,T11_s3.wav,T11,us3,distinct
g,s,1,2,T12_g3.wav,T12_s3.wav,T12,us3,distinct
g,theta,1,1,T01_g3.wav,T01_theta3.wav,T01,us1,distinct
g,theta,1,1,T02_g3.wav,T02_theta3.wav,T02,us1,distinct
g,theta,1,1,T03_g3.wav,T03_theta3.wav,T03,us1,distinct
g,theta,1,1,T04_g3.wav,T04_theta3.wav,T04,us1,distinct
g,theta,1,1,T05_g3.wav,T05_theta3.wav,T05,us1,distinct
g,theta,1,1,T06_g3.wav,T06_theta3.wav,T06,us1,distinct
g,theta,1,1,T07_g3.wav,T07_theta3.wav,T07,us2,distinct
g,theta,1,1,T08_g3.wav,T08_theta3.wav,T08,us2,distinct
g,theta,1,1,T09_g3.wav,T09_theta3.wav,T09,us2,distinct
g,theta,1,1,T10_g3.wav,T10_theta3.wav,T10,us3,distinct
g,theta,1,1,T11_g3.wav,T11_theta3.wav,T11,us3,distinct
g,theta,1,1,T12_g3.wav,T12_theta3.wav,T12,us3,distinct
g,m,1,1,T01_g3.wav,T01_m3.wav,T01,us1,distinct
g,m,1,1,T02_g3.wav,T02_m3.wav,T02,us1,distinct
g,m,1,1,T03_g3.wav,T03_m3.wav,T03,us1,distinct
g,m,1,1,T04_g3.wav,T04_m3.wav,T04,us1,distinct
g,m,1,1,T05_g3.wav,T05_m3.wav,T05,us1,distinct
g,m,1,1,T06_g3.wav,T06_m3.wav,T06,us1,distinct
g,m,1,1,T07_g3.wav,T07_m3.wav,T07,us2,distinct
g,m,1,1,T08_g3.wav,T08_m3.wav,T08,us2,distinct
g,m,1,1,T09_g3.wav,T09_m3.wav,T09,us2,distinct
g,m,1,1,T10_g3.wav,T10_m3.wav,T10,us3,distinct
g,m,1,1,T11_g3.wav,T11_m3.wav,T11,us3,distinct
g,m,1,1,T12_g3.wav,T12_m3.wav,T12,us3,distinct
v,eth,0,379,T01_v3.wav,T01_eth3.wav,T01,us1,confusable
v,eth,0,379,T02_v3.wav,T02_eth3.wav,T02,us1,confusable
v,eth,0,379,T03_v3.wav,T03_eth3.wav,T03,us1,confusable
v,eth,0,379,T04_v3.wav,T04_eth3.wav,T04,us1,confusable
v,eth,0,379,T05_v3.wav,T05_eth3.wav,T05,us1,confusable
v,eth,0,379,T06_v3.wav,T06_eth3.wav,T06,us1,confusable
v,eth,0,379,T07_v3.wav,T07_eth3.wav,T07,us2,confusable
v,eth,0,379,T08_v3.wav,T08_eth3.wav,T08,us2,confusable
v,eth,0,379,T09_v3.wav,T09_eth3.wav,T09,us2,confusable
v,eth,0,379,T10_v3.wav,T10_eth3.wav,T10,us3,confusable
v,eth,0,379,T11_v3.wav,T11_eth3.wav,T11,us3,confusable
v,eth,0,379,T12_v3.wav,T12_eth3.wav,T12,us3,confusable
v,z,0,88,T01_v3.wav,T01_z3.wav,T01,us1,confusable
v,z,0,88,T02_v3.wav,T02_z3.wav,T02,us1,confusable
v,z,0,88,T03_v3.wav,T03_z3.wav,T03,us1,confusable
v,z,0,88,T04_v3.wav,T04_z3.wav,T04,us1,confusable
v,z,0,88,T05_v3.wav,T05_z3.wav,T05,us1,confusable
v,z,0,88,T06_v3.wav,T06_z3.wav,T06,us1,confusable
v,z,0,88,T07_v3.wav,T07_z3.wav,T07,us2,confusable
v,z,0,88,T08_v3.wav,T08_z3.wav,T08,us2,confusable
v,z,0,88,T09_v3.wav,T09_z3.wav,T09,us2,confusable
v,z,0,88,T10_v3.wav,T10_z3.wav,T10,us3,confusable
v,z,0,88,T11_v3.wav,T11_z3.wav,T11,us3,confusable
v,z,0,88,T12_v3.wav,T12_z3.wav,T12,us3,confusable
v,d,0,81,T01_v3.wav,T01_d3.wav,T01,us1,confusable
v,d,0,81,T02_v3.wav,T02_d3.wav,T02,us1,confusable
v,d,0,81,T03_v3.wav,T03_d3.wav,T03,us1,confusable
v,d,0,81,T04_v3.wav,T04_d3.wav,T04,us1,confusable
v,d,0,81,T05_v3.wav,T05_d3.wav,T05,us1,confusable
v,d,0,81,T06_v3.wav,T06_d3.wav,T06,us1,confusable
v,d,0,81,T07_v3.wav,T07_d3.wav,T07,us2,confusable
v,d,0,81,T08_v3.wav,T08_d3.wav,T08,us2,confusable
v,d,0,81,T09_v3.wav,T09_d3.wav,T09,us2,confusable
v,d,0,81,T10_v3.wav,T10_d3.wav,T10,us3,confusable
v,d,0,81,T11_v3.wav,T11_d3.wav,T11,us3,confusable
v,d,0,81,T12_v3.wav,T12_d3.wav,T12,us3,confusable
v,m,1,7,T01_v3.wav,T01_m3.wav,T01,us1,distinct
v,m,1,7,T02_v3.wav,T02_m3.wav,T02,us1,distinct
v,m,1,7,T03_v3.wav,T03_m3.wav,T03,us1,distinct
v,m,1,7,T04_v3.wav,T04_m3.wav,T04,us1,distinct
v,m,1,7,T05_v3.wav,T05_m3.wav,T05,us1,distinct
v,m,1,7,T06_v3.wav,T06_m3.wav,T06,us1,distinct
v,m,1,7,T07_v3.wav,T07_m3.wav,T07,us2,distinct
v,m,1,7,T08_v3.wav,T08_m3.wav,T08,us2,distinct
v,m,1,7,T09_v3.wav,T09_m3.wav,T09,us2,distinct
v,m,1,7,T10_v3.wav,T10_m3.wav,T10,us3,distinct
v,m,1,7,T11_v3.wav,T11_m3.wav,T11,us3,distinct
v,m,1,7,T12_v3.wav,T12_m3.wav,T12,us3,distinct
v,n,1,4,T01_v3.wav,T01_n3.wav,T01,us1,distinct
v,n,1,4,T02_v3.wav,T02_n3.wav,T02,us1,distinct
v,n,1,4,T03_v3.wav,T03_n3.wav,T03,us1,distinct
v,n,1,4,T04_v3.wav,T04_n3.wav,T04,us1,distinct
v,n,1,4,T05_v3.wav,T05_n3.wav,T05,us1,distinct
v,n,1,4,T06_v3.wav,T06_n3.wav,T06,us1,distinct
v,n,1,4,T07_v3.wav,T07_n3.wav,T07,us2,distinct
v,n,1,4,T08_v3.wav,T08_n3.wav,T08,us2,distinct
v,n,1,4,T09_v3.wav,T09_n3.wav,T09,us2,distinct
v,n,1,4,T10_v3.wav,T10_n3.wav,T10,us3,distinct
v,n,1,4,T11_v3.wav,T11_n3.wav,T11,us3,distinct
v,n,1,4,T12_v3.wav,T12_n3.wav,T12,us3,distinct
v,s,1,2,T01_v3.wav,T01_s3.wav,T01,us1,distinct
v,s,1,2,T02_v3.wav,T02_s3.wav,T02,us1,distinct
v,s,1,2,T03_v3.wav,T03_s3.wav,T03,us1,distinct
v,s,1,2,T04_v3.wav,T04_s3.wav,T04,us1,distinct
v,s,1,2,T05_v3.wav,T05_s3.wav,T05,us1,distinct
v,s,1,2,T06_v3.wav,T06_s3.wav,T06,us1,distinct
v,s,1,2,T07_v3.wav,T07_s3.wav,T07,us2,distinct
v,s,1,2,T08_v3.wav,T08_s3.wav,T08,us2,distinct
v,s,1,2,T09_v3.wav,T09_s3.wav,T09,us2,distinct
v,s,1,2,T10_v3.wav,T10_s3.wav,T10,us3,distinct
v,s,1,2,T11_v3.wav,T11_s3.wav,T11,us3,distinct
v,s,1,2,T12_v3.wav,T12_s3.wav,T12,us3,distinct
eth,z,0,255,T01_eth3.wav,T01_z3.wav,T01,us1,confusable
eth,z,0,255,T02_eth3.wav,T02_z3.wav,T02,us1,confusable
eth,z,0,255,T03_eth3.wav,T03_z3.wav,T03,us1,confusable
eth,z,0,255,T04_eth3.wav,T04_z3.wav,T04,us1,confusable
eth,z,0,255,T05_eth3.wav,T05_z3.wav,T05,us1,confusable
eth,z,0,255,T06_eth3.wav,T06_z3.wav,T06,us1,confusable
eth,z,0,255,T07_eth3.wav,T07_z3.wav,T07,us2,confusable
eth,z,0,255,T08_eth3.wav,T08_z3.wav,T08,us2,confusable
eth,z,0,255,T09_eth3.wav,T09_z3.wav,T09,us2,confusable
eth,z,0,255,T10_eth3.wav,T10_z3.wav,T10,us3,confusable
eth,z,0,255,T11_eth3.wav,T11_z3.wav,T11,us3,confusable
eth,z,0,255,T12_eth3.wav,T12_z3.wav,T12,us3,confusable
eth,v,0,81,T01_eth3.wav,T01_v3.wav,T01,us1,confusable
eth,v,0,81,T02_eth3.wav,T02_v3.wav,T02,us1,confusable
eth,v,0,81,T03_eth3.wav,T03_v3.wav,T03,us1,confusable
eth,v,0,81,T04_eth3.wav,T04_v3.wav,T04,us1,confusable
eth,v,0,81,T05_eth3.wav,T05_v3.wav,T05,us1,confusable
eth,v,0,81,T06_eth3.wav,T06_v3.wav,T06,us1,confusable
eth,v,0,81,T07_eth3.wav,T07_v3.wav,T07,us2,confusable
eth,v,0,81,T08_eth3.wav,T08_v3.wav,T08,us2,confusable
eth,v,0,81,T09_eth3.wav,T09_v3.wav,T09,us2,confusable
eth,v,0,81,T10_eth3.wav,T10_v3.wav,T10,us3,confusable
eth,v,0,81,T11_eth3.wav,T11_v3.wav,T11,us3,confusable
eth,v,0,81,T12_eth3.wav,T12_v3.wav,T12,us3,confusable
eth,zh,0,44,T01_eth3.wav,T01_zh3.wav,T01,us1,confusable
eth,zh,0,44,T02_eth3.wav,T02_zh3.wav,T02,us1,confusable
eth,zh,0,44,T03_eth3.wav,T03_zh3.wav,T03,us1,confusable
eth,zh,0,44,T04_eth3.wav,T04_zh3.wav,T04,us1,confusable
eth,zh,0,44,T05_eth3.wav,T05_zh3.wav,T05,us1,confusable
eth,zh,0,44,T06_eth3.wav,T06_zh3.wav,T06,us1,confusable
eth,zh,0,44,T07_eth3.wav,T07_zh3.wav,T07,us2,confusable
eth,zh,0,44,T08_eth3.wav,T08_zh3.wav,T08,us2,confusable
eth,zh,0,44,T09_eth3.wav,T09_zh3.wav,T09,us2,confusable
eth,zh,0,44,T10_eth3.wav,T10_zh3.wav,T10,us3,confusable
eth,zh,0,44,T11_eth3.wav,T11_zh3.wav,T11,us3,confusable
eth,zh,0,44,T12_eth3.wav,T12_zh3.wav,T12,us3,confusable
eth,f,1,1,T01_eth3.wav,T01_f3.wav,T01,us1,distinct
eth,f,1,1,T02_eth3.wav,T02_f3.wav,T02,us1,distinct
eth,f,1,1,T03_eth3.wav,T03_f3.wav,T03,us1,distinct
eth,f,1,1,T04_eth3.wav,T04_f3.wav,T04,us1,distinct
eth,f,1,1,T05_eth3.wav,T05_f3.wav,T05,us1,distinct
eth,f,1,1,T06_eth3.wav,T06_f3.wav,T06,us1,distinct
eth,f,1,1,T07_eth3.wav,T07_f3.wav,T07,us2,distinct
eth,f,1,1,T08_eth3.wav,T08_f3.wav,T08,us2,distinct
eth,f,1,1,T09_eth3.wav,T09_f3.wav,T09,us2,distinct
eth,f,1,1,T10_eth3.wav,T10_f3.wav,T10,us3,distinct
eth,f,1,1,T11_eth3.wav,T11_f3.wav,T11,us3,distinct
eth,f,1,1,T12_eth3.wav,T12_f3.wav,T12,us3,distinct
eth,theta,1,1,T01_eth3.wav,T01_theta3.wav,T01,us1,distinct
eth,theta,1,1,T02_eth3.wav,T02_theta3.wav,T02,us1,distinct
eth,theta,1,1,T03_eth3.wav,T03_theta3.wav,T03,us1,distinct
eth,theta,1,1,T04_eth3.wav,T04_theta3.wav,T04,us1,distinct
eth,theta,1,1,T05_eth3.wav,T05_theta3.wav,T05,us1,distinct
eth,theta,1,1,T06_eth3.wav,T06_theta3.wav,T06,us1,distinct
eth,theta,1,1,T07_eth3.wav,T07_theta3.wav,T07,us2,distinct
eth,theta,1,1,T08_eth3.wav,T08_theta3.wav,T08,us2,distinct
eth,theta,1,1,T09_eth3.wav,T09_theta3.wav,T09,us2,distinct
eth,theta,1,1,T10_eth3.wav,T10_theta3.wav,T10,us3,distinct
eth,theta,1,1,T11_eth3.wav,T11_theta3.wav,T11,us3,distinct
eth,theta,1,1,T12_eth3.wav,T12_theta3.wav,T12,us3,distinct
eth,s,1,1,T01_eth3.wav,T01_s3.wav,T01,us1,distinct
eth,s,1,1,T02_eth3.wav,T02_s3.wav,T02,us1,distinct
eth,s,1,1,T03_eth3.wav,T03_s3.wav,T03,us1,distinct
eth,s,1,1,T04_eth3.wav,T04_s3.wav,T04,us1,distinct
eth,s,1,1,T05_eth3.wav,T05_s3.wav,T05,us1,distinct
eth,s,1,1,T06_eth3.wav,T06_s3.wav,T06,us1,distinct
eth,s,1,1,T07_eth3.wav,T07_s3.wav,T07,us2,distinct
eth,s,1,1,T08_eth3.wav,T08_s3.wav,T08,us2,distinct
eth,s,1,1,T09_eth3.wav,T09_s3.wav,T09,us2,distinct
eth,s,1,1,T10_eth3.wav,T10_s3.wav,T10,us3,distinct
eth,s,1,1,T11_eth3.wav,T11_s3.wav,T11,us3,distinct
eth,s,1,1,T12_eth3.wav,T12_s3.wav,T12,us3,distinct
z,zh,0,242,T01_z3.wav,T01_zh3.wav,T01,us1,confusable
z,zh,0,242,T02_z3.wav,T02_zh3.wav,T02,us1,confusable
z,zh,0,242,T03_z3.wav,T03_zh3.wav,T03,us1,confusable
z,zh,0,242,T04_z3.wav,T04_zh3.wav,T04,us1,confusable
z,zh,0,242,T05_z3.wav,T05_zh3.wav,T05,us1,confusable
z,zh,0,242,T06_z3.wav,T06_zh3.wav,T06,us1,confusable
z,zh,0,242,T07_z3.wav,T07_zh3.wav,T07,us2,confusable
z,zh,0,242,T08_z3.wav,T08_zh3.wav,T08,us2,confusable
z,zh,0,242,T09_z3.wav,T09_zh3.wav,T09,us2,confusable
z,zh,0,242,T10_z3.wav,T10_zh3.wav,T10,us3,confusable
z,zh,0,242,T11_z3.wav,T11_zh3.wav,T11,us3,confusable
z,zh,0,242,T12_z3.wav,T12_zh3.wav,T12,us3,confusable
z,eth,0,162,T01_z3.wav,T01_eth3.wav,T01,us1,confusable
z,eth,0,162,T02_z3.wav,T02_eth3.wav,T02,us1,confusable
z,eth,0,162,T03_z3.wav,T03_eth3.wav,T03,us1,confusable
z,eth,0,162,T04_z3.wav,T04_eth3.wav,T04,us1,confusable
z,eth,0,162,T05_z3.wav,T05_eth3.wav,T05,us1,confusable
z,eth,0,162,T06_z3.wav,T06_eth3.wav,T06,us1,confusable
z,eth,0,162,T07_z3.wav,T07_eth3.wav,T07,us2,confusable
z,eth,0,162,T08_z3.wav,T08_eth3.wav,T08,us2,confusable
z,eth,0,162,T09_z3.wav,T09_eth3.wav,T09,us2,confusable
z,eth,0,162,T10_z3.wav,T10_eth3.wav,T10,us3,confusable
z,eth,0,162,T11_z3.wav,T11_eth3.wav,T11,us3,confusable
z,eth,0,162,T12_z3.wav,T12_eth3.wav,T12,us3,confusable
z,v,0,48,T01_z3.wav,T01_v3.wav,T01,us1,confusable
z,v,0,48,T02_z3.wav,T02_v3.wav,T02,us1,confusable
z,v,0,48,T03_z3.wav,T03_v3.wav,T03,us1,confusable
z,v,0,48,T04_z3.wav,T04_v3.wav,T04,us1,confusable
z,v,0,48,T05_z3.wav,T05_v3.wav,T05,us1,confusable
z,v,0,48,T06_z3.wav,T06_v3.wav,T06,us1,confusable
z,v,0,48,T07_z3.wav,T07_v3.wav,T07,us2,confusable
z,v,0,48,T08_z3.wav,T08_v3.wav,T08,us2,confusable
z,v,0,48,T09_z3.wav,T09_v3.wav,T09,us2,confusable
z,v,0,48,T10_z3.wav,T10_v3.wav,T10,us3,confusable
z,v,0,48,T11_z3.wav,T11_v3.wav,T11,us3,confusable
z,v,0,48,T12_z3.wav,T12_v3.wav,T12,us3,confusable
z,p,1,1,T01_z3.wav,T01_p3.wav,T01,us1,distinct
z,p,1,1,T02_z3.wav,T02_p3.wav,T02,us1,distinct
z,p,1,1,T03_z3.wav,T03_p3.wav,T03,us1,distinct
z,p,1,1,T04_z3.wav,T04_p3.wav,T04,us1,distinct
z,p,1,1,T05_z3.wav,T05_p3.wav,T05,us1,distinct
z,p,1,1,T06_z3.wav,T06_p3.wav,T06,us1,distinct
z,p,1,1,T07_z3.wav,T07_p3.wav,T07,us2,distinct
z,p,1,1,T08_z3.wav,T08_p3.wav,T08,us2,distinct
z,p,1,1,T09_z3.wav,T09_p3.wav,T09,us2,distinct
z,p,1,1,T10_z3.wav,T10_p3.wav,T10,us3,distinct
z,p,1,1,T11_z3.wav,T11_p3.wav,T11,us3,distinct
z,p,1,1,T12_z3.wav,T12_p3.wav,T12,us3,distinct
z,s,1,1,T01_z3.wav,T01_s3.wav,T01,us1,distinct
z,s,1,1,T02_z3.wav,T02_s3.wav,T02,us1,distinct
z,s,1,1,T03_z3.wav,T03_s3.wav,T03,us1,distinct
z,s,1,1,T04_z3.wav,T04_s3.wav,T04,us1,distinct
z,s,1,1,T05_z3.wav,T05_s3.wav,T05,us1,distinct
z,s,1,1,T06_z3.wav,T06_s3.wav,T06,us1,distinct
z,s,1,1,T07_z3.wav,T07_s3.wav,T07,us2,distinct
z,s,1,1,T08_z3.wav,T08_s3.wav,T08,us2,distinct
z,s,1,1,T09_z3.wav,T09_s3.wav,T09,us2,distinct
z,s,1,1,T10_z3.wav,T10_s3.wav,T10,us3,distinct
z,s,1,1,T11_z3.wav,T11_s3.wav,T11,us3,distinct
z,s,1,1,T12_z3.wav,T12_s3.wav,T12,us3,distinct
z,sh,1,1,T01_z3.wav,T01_sh3.wav,T01,us1,distinct
z,sh,1,1,T02_z3.wav,T02_sh3.wav,T02,us1,distinct
z,sh,1,1,T03_z3.wav,T03_sh3.wav,T03,us1,distinct
z,sh,1,1,T04_z3.wav,T04_sh3.wav,T04,us1,distinct
z,sh,1,1,T05_z3.wav,T05_sh3.wav,T05,us1,distinct
z,sh,1,1,T06_z3.wav,T06_sh3.wav,T06,us1,distinct
z,sh,1,1,T07_z3.wav,T07_sh3.wav,T07,us2,distinct
z,sh,1,1,T08_z3.wav,T08_sh3.wav,T08,us2,distinct
z,sh,1,1,T09_z3.wav,T09_sh3.wav,T09,us2,distinct
z,sh,1,1,T10_z3.wav,T10_sh3.wav,T10,us3,distinct
z,sh,1,1,T11_z3.wav,T11_sh3.wav,T11,us3,distinct
z,sh,1,1,T12_z3.wav,T12_sh3.wav,T12,us3,distinct
zh,z,0,451,T01_zh3.wav,T01_z3.wav,T01,us1,confusable
zh,z,0,451,T02_zh3.wav,T02_z3.wav,T02,us1,confusable
zh,z,0,451,T03_zh3.wav,T03_z3.wav,T03,us1,confusable
zh,z,0,451,T04_zh3.wav,T04_z3.wav,T04,us1,confusable
zh,z,0,451,T05_zh3.wav,T05_z3.wav,T05,us1,confusable
zh,z,0,451,T06_zh3.wav,T06_z3.wav,T06,us1,confusable
zh,z,0,451,T07_zh3.wav,T07_z3.wav,T07,us2,confusable
zh,z,0,451,T08_zh3.wav,T08_z3.wav,T08,us2,confusable
zh,z,0,451,T09_zh3.wav,T09_z3.wav,T09,us2,confusable
zh,z,0,451,T10_zh3.wav,T10_z3.wav,T10,us3,confusable
zh,z,0,451,T11_zh3.wav,T11_z3.wav,T11,us3,confusable
zh,z,0,451,T12_zh3.wav,T12_z3.wav,T12,us3,confusable
zh,d,0,31,T01_zh3.wav,T01_d3.wav,T01,us1,confusable
zh,d,0,31,T02_zh3.wav,T02_d3.wav,T02,us1,confusable
zh,d,0,31,T03_zh3.wav,T03_d3.wav,T03,us1,confusable
zh,d,0,31,T04_zh3.wav,T04_d3.wav,T04,us1,confusable
zh,d,0,31,T05_zh3.wav,T05_d3.wav,T05,us1,confusable
zh,d,0,31,T06_zh3.wav,T06_d3.wav,T06,us1,confusable
zh,d,0,31,T07_zh3.wav,T07_d3.wav,T07,us2,confusable
zh,d,0,31,T08_zh3.wav,T08_d3.wav,T08,us2,confusable
zh,d,0,31,T09_zh3.wav,T09_d3.wav,T09,us2,confusable
zh,d,0,31,T10_zh3.wav,T10_d3.wav,T10,us3,confusable
zh,d,0,31,T11_zh3.wav,T11_d3.wav,T11,us3,confusable
zh,d,0,31,T12_zh3.wav,T12_d3.wav,T12,us3,confusable
zh,g,0,25,T01_zh3.wav,T01_g3.wav,T01,us1,confusable
zh,g,0,25,T02_zh3.wav,T02_g3.wav,T02,us1,confusable
zh,g,0,25,T03_zh3.wav,T03_g3.wav,T03,us1,confusable
zh,g,0,25,T04_zh3.wav,T04_g3.wav,T04,us1,confusable
zh,g,0,25,T05_zh3.wav,T05_g3.wav,T05,us1,confusable
zh,g,0,25,T06_zh3.wav,T06_g3.wav,T06,us1,confusable
zh,g,0,25,T07_zh3.wav,T07_g3.wav,T07,us2,confusable
zh,g,0,25,T08_zh3.wav,T08_g3.wav,T08,us2,confusable
zh,g,0,25,T09_zh3.wav,T09_g3.wav,T09,us2,confusable
zh,g,0,25,T10_zh3.wav,T10_g3.wav,T10,us3,confusable
zh,g,0,25,T11_zh3.wav,T11_g3.wav,T11,us3,confusable
zh,g,0,25,T12_zh3.wav,T12_g3.wav,T12,us3,confusable
zh,s,1,1,T01_zh3.wav,T01_s3.wav,T01,us1,distinct
zh,s,1,1,T02_zh3.wav,T02_s3.wav,T02,us1,distinct
zh,s,1,1,T03_zh3.wav,T03_s3.wav,T03,us1,distinct
zh,s,1,1,T04_zh3.wav,T04_s3.wav,T04,us1,distinct
zh,s,1,1,T05_zh3.wav,T05_s3.wav,T05,us1,distinct
zh,s,1,1,T06_zh3.wav,T06_s3.wav,T06,us1,distinct
zh,s,1,1,T07_zh3.wav,T07_s3.wav,T07,us2,distinct
zh,s,1,1,T08_zh3.wav,T08_s3.wav,T08,us2,distinct
zh,s,1,1,T09_zh3.wav,T09_s3.wav,T09,us2,distinct
zh,s,1,1,T10_zh3.wav,T10_s3.wav,T10,us3,distinct
zh,s,1,1,T11_zh3.wav,T11_s3.wav,T11,us3,distinct
zh,s,1,1,T12_zh3.wav,T12_s3.wav,T12,us3,distinct
zh,sh,1,1,T01_zh3.wav,T01_sh3.wav,T01,us1,distinct
zh,sh,1,1,T02_zh3.wav,T02_sh3.wav,T02,us1,distinct
zh,sh,1,1,T03_zh3.wav,T03_sh3.wav,T03,us1,distinct
zh,sh,1,1,T04_zh3.wav,T04_sh3.wav,T04,us1,distinct
zh,sh,1,1,T05_zh3.wav,T05_sh3.wav,T05,us1,distinct
zh,sh,1,1,T06_zh3.wav,T06_sh3.wav,T06,us1,distinct
zh,sh,1,1,T07_zh3.wav,T07_sh3.wav,T07,us2,distinct
zh,sh,1,1,T08_zh3.wav,T08_sh3.wav,T08,us2,distinct
zh,sh,1,1,T09_zh3.wav,T09_sh3.wav,T09,us2,distinct
zh,sh,1,1,T10_zh3.wav,T10_sh3.wav,T10,us3,distinct
zh,sh,1,1,T11_zh3.wav,T11_sh3.wav,T11,us3,distinct
zh,sh,1,1,T12_zh3.wav,T12_sh3.wav,T12,us3,distinct
zh,b,1,1,T01_zh3.wav,T01_b3.wav,T01,us1,distinct
zh,b,1,1,T02_zh3.wav,T02_b3.wav,T02,us1,distinct
zh,b,1,1,T03_zh3.wav,T03_b3.wav,T03,us1,distinct
zh,b,1,1,T04_zh3.wav,T04_b3.wav,T04,us1,distinct
zh,b,1,1,T05_zh3.wav,T05_b3.wav,T05,us1,distinct
zh,b,1,1,T06_zh3.wav,T06_b3.wav,T06,us1,distinct
zh,b,1,1,T07_zh3.wav,T07_b3.wav,T07,us2,distinct
zh,b,1,1,T08_zh3.wav,T08_b3.wav,T08,us2,distinct
zh,b,1,1,T09_zh3.wav,T09_b3.wav,T09,us2,distinct
zh,b,1,1,T10_zh3.wav,T10_b3.wav,T10,us3,distinct
zh,b,1,1,T11_zh3.wav,T11_b3.wav,T11,us3,distinct
zh,b,1,1,T12_zh3.wav,T12_b3.wav,T12,us3,distinct
m,n,0,54,T01_m3.wav,T01_n3.wav,T01,us1,confusable
m,n,0,54,T02_m3.wav,T02_n3.wav,T02,us1,confusable
m,n,0,54,T03_m3.wav,T03_n3.wav,T03,us1,confusable
m,n,0,54,T04_m3.wav,T04_n3.wav,T04,us1,confusable
m,n,0,54,T05_m3.wav,T05_n3.wav,T05,us1,confusable
m,n,0,54,T06_m3.wav,T06_n3.wav,T06,us1,confusable
m,n,0,54,T07_m3.wav,T07_n3.wav,T07,us2,confusable
m,n,0,54,T08_m3.wav,T08_n3.wav,T08,us2,confusable
m,n,0,54,T09_m3.wav,T09_n3.wav,T09,us2,confusable
m,n,0,54,T10_m3.wav,T10_n3.wav,T10,us3,confusable
m,n,0,54,T11_m3.wav,T11_n3.wav,T11,us3,confusable
m,n,0,54,T12_m3.wav,T12_n3.wav,T12,us3,confusable
m,b,0,5,T01_m3.wav,T01_b3.wav,T01,us1,confusable
m,b,0,5,T02_m3.wav,T02_b3.wav,T02,us1,confusable
m,b,0,5,T03_m3.wav,T03_b3.wav,T03,us1,confusable
m,b,0,5,T04_m3.wav,T04_b3.wav,T04,us1,confusable
m,b,0,5,T05_m3.wav,T05_b3.wav,T05,us1,confusable
m,b,0,5,T06_m3.wav,T06_b3.wav,T06,us1,confusable
m,b,0,5,T07_m3.wav,T07_b3.wav,T07,us2,confusable
m,b,0,5,T08_m3.wav,T08_b3.wav,T08,us2,confusable
m,b,0,5,T09_m3.wav,T09_b3.wav,T09,us2,confusable
m,b,0,5,T10_m3.wav,T10_b3.wav,T10,us3,confusable
m,b,0,5,T11_m3.wav,T11_b3.wav,T11,us3,confusable
m,b,0,5,T12_m3.wav,T12_b3.wav,T12,us3,confusable
m,s,0,4,T01_m3.wav,T01_s3.wav,T01,us1,confusable
m,s,0,4,T02_m3.wav,T02_s3.wav,T02,us1,confusable
m,s,0,4,T03_m3.wav,T03_s3.wav,T03,us1,confusable
m,s,0,4,T04_m3.wav,T04_s3.wav,T04,us1,confusable
m,s,0,4,T05_m3.wav,T05_s3.wav,T05,us1,confusable
m,s,0,4,T06_m3.wav,T06_s3.wav,T06,us1,confusable
m,s,0,4,T07_m3.wav,T07_s3.wav,T07,us2,confusable
m,s,0,4,T08_m3.wav,T08_s3.wav,T08,us2,confusable
m,s,0,4,T09_m3.wav,T09_s3.wav,T09,us2,confusable
m,s,0,4,T10_m3.wav,T10_s3.wav,T10,us3,confusable
m,s,0,4,T11_m3.wav,T11_s3.wav,T11,us3,confusable
m,s,0,4,T12_m3.wav,T12_s3.wav,T12,us3,confusable
m,p,1,1,T01_m3.wav,T01_p3.wav,T01,us1,distinct
m,p,1,1,T02_m3.wav,T02_p3.wav,T02,us1,distinct
m,p,1,1,T03_m3.wav,T03_p3.wav,T03,us1,distinct
m,p,1,1,T04_m3.wav,T04_p3.wav,T04,us1,distinct
m,p,1,1,T05_m3.wav,T05_p3.wav,T05,us1,distinct
m,p,1,1,T06_m3.wav,T06_p3.wav,T06,us1,distinct
m,p,1,1,T07_m3.wav,T07_p3.wav,T07,us2,distinct
m,p,1,1,T08_m3.wav,T08_p3.wav,T08,us2,distinct
m,p,1,1,T09_m3.wav,T09_p3.wav,T09,us2,distinct
m,p,1,1,T10_m3.wav,T10_p3.wav,T10,us3,distinct
m,p,1,1,T11_m3.wav,T11_p3.wav,T11,us3,distinct
m,p,1,1,T12_m3.wav,T12_p3.wav,T12,us3,distinct
m,theta,1,1,T01_m3.wav,T01_theta3.wav,T01,us1,distinct
m,theta,1,1,T02_m3.wav,T02_theta3.wav,T02,us1,distinct
m,theta,1,1,T03_m3.wav,T03_theta3.wav,T03,us1,distinct
m,theta,1,1,T04_m3.wav,T04_theta3.wav,T04,us1,distinct
m,theta,1,1,T05_m3.wav,T05_theta3.wav,T05,us1,distinct
m,theta,1,1,T06_m3.wav,T06_theta3.wav,T06,us1,distinct
m,theta,1,1,T07_m3.wav,T07_theta3.wav,T07,us2,distinct
m,theta,1,1,T08_m3.wav,T08_theta3.wav,T08,us2,distinct
m,theta,1,1,T09_m3.wav,T09_theta3.wav,T09,us2,distinct
m,theta,1,1,T10_m3.wav,T10_theta3.wav,T10,us3,distinct
m,theta,1,1,T11_m3.wav,T11_theta3.wav,T11,us3,distinct
m,theta,1,1,T12_m3.wav,T12_theta3.wav,T12,us3,distinct
m,z,1,1,T01_m3.wav,T01_z3.wav,T01,us1,distinct
m,z,1,1,T02_m3.wav,T02_z3.wav,T02,us1,distinct
m,z,1,1,T03_m3.wav,T03_z3.wav,T03,us1,distinct
m,z,1,1,T04_m3.wav,T04_z3.wav,T04,us1,distinct
m,z,1,1,T05_m3.wav,T05_z3.wav,T05,us1,distinct
m,z,1,1,T06_m3.wav,T06_z3.wav,T06,us1,distinct
m,z,1,1,T07_m3.wav,T07_z3.wav,T07,us2,distinct
m,z,1,1,T08_m3.wav,T08_z3.wav,T08,us2,distinct
m,z,1,1,T09_m3.wav,T09_z3.wav,T09,us2,distinct
m,z,1,1,T10_m3.wav,T10_z3.wav,T10,us3,distinct
m,z,1,1,T11_m3.wav,T11_z3.wav,T11,us3,distinct
m,z,1,1,T12_m3.wav,T12_z3.wav,T12,us3,distinct
n,m,0,57,T01_n3.wav,T01_m3.wav,T01,us1,confusable
n,m,0,57,T02_n3.wav,T02_m3.wav,T02,us1,confusable
n,m,0,57,T03_n3.wav,T03_m3.wav,T03,us1,confusable
n,m,0,57,T04_n3.wav,T04_m3.wav,T04,us1,confusable
n,m,0,57,T05_n3.wav,T05_m3.wav,T05,us1,confusable
n,m,0,57,T06_n3.wav,T06_m3.wav,T06,us1,confusable
n,m,0,57,T07_n3.wav,T07_m3.wav,T07,us2,confusable
n,m,0,57,T08_n3.wav,T08_m3.wav,T08,us2,confusable
n,m,0,57,T09_n3.wav,T09_m3.wav,T09,us2,confusable
n,m,0,57,T10_n3.wav,T10_m3.wav,T10,us3,confusable
n,m,0,57,T11_n3.wav,T11_m3.wav,T11,us3,confusable
n,m,0,57,T12_n3.wav,T12_m3.wav,T12,us3,confusable
n,z,0,7,T01_n3.wav,T01_z3.wav,T01,us1,confusable
n,z,0,7,T02_n3.wav,T02_z3.wav,T02,us1,confusable
n,z,0,7,T03_n3.wav,T03_z3.wav,T03,us1,confusable
n,z,0,7,T04_n3.wav,T04_z3.wav,T04,us1,confusable
n,z,0,7,T05_n3.wav,T05_z3.wav,T05,us1,confusable
n,z,0,7,T06_n3.wav,T06_z3.wav,T06,us1,confusable
n,z,0,7,T07_n3.wav,T07_z3.wav,T07,us2,confusable
n,z,0,7,T08_n3.wav,T08_z3.wav,T08,us2,confusable
n,z,0,7,T09_n3.wav,T09_z3.wav,T09,us2,confusable
n,z,0,7,T10_n3.wav,T10_z3.wav,T10,us3,confusable
n,z,0,7,T11_n3.wav,T11_z3.wav,T11,us3,confusable
n,z,0,7,T12_n3.wav,T12_z3.wav,T12,us3,confusable
n,d,0,5,T01_n3.wav,T01_d3.wav,T01,us1,confusable
n,d,0,5,T02_n3.wav,T02_d3.wav,T02,us1,confusable
n,d,0,5,T03_n3.wav,T03_d3.wav,T03,us1,confusable
n,d,0,5,T04_n3.wav,T04_d3.wav,T04,us1,confusable
n,d,0,5,T05_n3.wav,T05_d3.wav,T05,us1,confusable
n,d,0,5,T06_n3.wav,T06_d3.wav,T06,us1,confusable
n,d,0,5,T07_n3.wav,T07_d3.wav,T07,us2,confusable
n,d,0,5,T08_n3.wav,T08_d3.wav,T08,us2,confusable
n,d,0,5,T09_n3.wav,T09_d3.wav,T09,us2,confusable
n,d,0,5,T10_n3.wav,T10_d3.wav,T10,us3,confusable
n,d,0,5,T11_n3.wav,T11_d3.wav,T11,us3,confusable
n,d,0,5,T12_n3.wav,T12_d3.wav,T12,us3,confusable
n,b,1,3,T01_n3.wav,T01_b3.wav,T01,us1,distinct
n,b,1,3,T02_n3.wav,T02_b3.wav,T02,us1,distinct
n,b,1,3,T03_n3.wav,T03_b3.wav,T03,us1,distinct
n,b,1,3,T04_n3.wav,T04_b3.wav,T04,us1,distinct
n,b,1,3,T05_n3.wav,T05_b3.wav,T05,us1,distinct
n,b,1,3,T06_n3.wav,T06_b3.wav,T06,us1,distinct
n,b,1,3,T07_n3.wav,T07_b3.wav,T07,us2,distinct
n,b,1,3,T08_n3.wav,T08_b3.wav,T08,us2,distinct
n,b,1,3,T09_n3.wav,T09_b3.wav,T09,us2,distinct
n,b,1,3,T10_n3.wav,T10_b3.wav,T10,us3,distinct
n,b,1,3,T11_n3.wav,T11_b3.wav,T11,us3,distinct
n,b,1,3,T12_n3.wav,T12_b3.wav,T12,us3,distinct
n,g,1,2,T01_n3.wav,T01_g3.wav,T01,us1,distinct
n,g,1,2,T02_n3.wav,T02_g3.wav,T02,us1,distinct
n,g,1,2,T03_n3.wav,T03_g3.wav,T03,us1,distinct
n,g,1,2,T04_n3.wav,T04_g3.wav,T04,us1,distinct
n,g,1,2,T05_n3.wav,T05_g3.wav,T05,us1,distinct
n,g,1,2,T06_n3.wav,T06_g3.wav,T06,us1,distinct
n,g,1,2,T07_n3.wav,T07_g3.wav,T07,us2,distinct
n,g,1,2,T08_n3.wav,T08_g3.wav,T08,us2,distinct
n,g,1,2,T09_n3.wav,T09_g3.wav,T09,us2,distinct
n,g,1,2,T10_n3.wav,T10_g3.wav,T10,us3,distinct
n,g,1,2,T11_n3.wav,T11_g3.wav,T11,us3,distinct
n,g,1,2,T12_n3.wav,T12_g3.wav,T12,us3,distinct
n,zh,1,1,T01_n3.wav,T01_zh3.wav,T01,us1,distinct
n,zh,1,1,T02_n3.wav,T02_zh3.wav,T02,us1,distinct
n,zh,1,1,T03_n3.wav,T03_zh3.wav,T03,us1,distinct
n,zh,1,1,T04_n3.wav,T04_zh3.wav,T04,us1,distinct
n,zh,1,1,T05_n3.wav,T05_zh3.wav,T05,us1,distinct
n,zh,1,1,T06_n3.wav,T06_zh3.wav,T06,us1,distinct
n,zh,1,1,T07_n3.wav,T07_zh3.wav,T07,us2,distinct
n,zh,1,1,T08_n3.wav,T08_zh3.wav,T08,us2,distinct
n,zh,1,1,T09_n3.wav,T09_zh3.wav,T09,us2,distinct
n,zh,1,1,T10_n3.wav,T10_zh3.wav,T10,us3,distinct
n,zh,1,1,T11_n3.wav,T11_zh3.wav,T11,us3,distinct
n,zh,1,1,T12_n3.wav,T12_zh3.wav,T12,us3,distinct
